course_id,date,discipline,cheval_num,true_A1,is_A1_in_top4,proba_A1,distance,num_course,hippodrome
05/09/22_Craon_C4,05/09/22,trot,2,2,1,0.007440667599439621,2775,C4,Craon
06/09/22_Auteuil_C4,06/09/22,galop,7,7,1,0.004100562073290348,3600,C4,Auteuil
07/09/22_MeslayduMaine_C1,07/09/22,trot,11,11,1,0.44828757643699646,2875,C1,MeslayduMaine
08/09/22_Longchamps_C5,08/09/22,galop,3,3,1,0.9628561735153198,2200,C5,Longchamps
09/09/22_Vincennes_C3,09/09/22,trot,11,11,1,0.005534225143492222,2850,C3,Vincennes
10/09/22_Vincennes_C3,10/09/22,trot,7,7,1,0.0076767681166529655,2100,C3,Vincennes
11/09/22_Longchamps_C4,11/09/22,galop,11,11,1,0.2002657800912857,1400,C4,Longchamps
12/09/22_Beaumont_C4,12/09/22,trot,11,11,1,0.47633272409439087,2550,C4,Beaumont
13/09/22_Auteuil_C2,13/09/22,galop,7,7,1,0.1293090134859085,3600,C2,Auteuil
14/09/22_Compiegne_C1,14/09/22,galop,16,16,1,0.004974802955985069,1600,C1,Compiegne
15/09/22_Longchamps_C6,15/09/22,galop,6,6,1,0.0040368372574448586,2000,C6,Longchamps
16/09/22_Vincennes_C3,16/09/22,trot,15,15,1,0.2703762948513031,2850,C3,Vincennes
17/09/22_Chantilly_C3,17/09/22,galop,2,2,1,0.9454215168952942,1200,C3,Chantilly
18/09/22_Vincennes_C4,18/09/22,trot,13,13,1,0.0022875452414155006,3000,C4,Vincennes
19/09/22_SaintCloud_C1,19/09/22,galop,16,16,1,0.014869151636958122,3000,C1,SaintCloud
20/09/22_Auteuil_C2,20/09/22,galop,10,10,1,0.004974802955985069,3600,C2,Auteuil
21/09/22_LaCapelle_C4,21/09/22,trot,15,15,1,0.0053856149315834045,2700,C4,LaCapelle
22/09/22_Vincennes_C1,22/09/22,trot,11,11,1,0.37424948811531067,2700,C1,Vincennes
23/09/22_Vincennes_C3,23/09/22,trot,11,11,1,0.34821802377700806,2850,C3,Vincennes
24/09/22_Auteuil_C3,24/09/22,galop,12,12,1,0.758026659488678,4400,C3,Auteuil
25/09/22_Vincennes_C4,25/09/22,trot,2,2,1,0.010383673012256622,2850,C4,Vincennes
26/09/22_Lyon_C4,26/09/22,trot,10,10,1,0.008052162826061249,2850,C4,Lyon
27/09/22_Compiegne_C1,27/09/22,galop,3,3,1,0.9354516267776489,3800,C1,Compiegne
28/09/22_Vire_C1,28/09/22,trot,11,11,1,0.2538473606109619,3475,C1,Vire
29/09/22_Chantilly_C2,29/09/22,galop,11,11,1,0.0029383376240730286,1600,C2,Chantilly
30/09/22_Vincennes_C3,30/09/22,trot,14,14,1,0.008052162826061249,2850,C3,Vincennes
01/10/22_Longchamp_C4,01/10/22,galop,15,15,1,0.44828757643699646,2500,C4,Longchamp
02/10/22_Longchamps_C4,02/10/22,galop,14,14,1,0.4837661683559418,2400,C4,Longchamps
03/10/22_Enghien_C1,03/10/22,trot,1,1,1,0.014889288693666458,2150,C1,Enghien
04/10/22_Auteuil_C1,04/10/22,galop,13,13,1,0.0034749414771795273,3600,C1,Auteuil
05/10/22_Laval_C1,05/10/22,trot,14,14,1,0.5674086213111877,2850,C1,Laval
06/10/22_SaintCloud_C1,06/10/22,galop,16,16,1,0.014432564377784729,2000,C1,SaintCloud
07/10/22_Vincennes_C3,07/10/22,trot,1,1,1,0.001835712231695652,2700,C3,Vincennes
08/10/22_Caen_C3,08/10/22,trot,2,2,1,0.9454215168952942,2450,C3,Caen
09/10/22_Auteuil_C3,09/10/22,galop,14,14,1,0.7091233730316162,3700,C3,Auteuil
10/10/22_Enghien_C1,10/10/22,trot,9,9,1,0.44828757643699646,2875,C1,Enghien
11/10/22_SaintCloud_C1,11/10/22,galop,6,6,1,0.0029246911872178316,2400,C1,SaintCloud
12/10/22_Enghien_C1,12/10/22,trot,14,14,1,0.711571455001831,2875,C1,Enghien
13/10/22_Longchamps_C1,13/10/22,galop,2,2,1,0.862650454044342,1950,C1,Longchamps
14/10/22_Vincennes_C4,14/10/22,trot,13,13,1,0.0019339434802532196,2100,C4,Vincennes
15/10/22_Auteuil_C4,15/10/22,galop,12,12,1,0.0045152697712183,3900,C4,Auteuil
16/10/22_Longchamps_C4,16/10/22,galop,2,2,1,0.9405918121337891,1600,C4,Longchamps
17/10/22_Clairefontaine_C1,17/10/22,galop,1,1,1,0.1293090134859085,2400,C1,Clairefontaine
18/10/22_Vincennes_C1,18/10/22,trot,6,6,1,0.42420998215675354,2100,C1,Vincennes
19/10/22_Fleurs_C1,19/10/22,trot,13,13,1,0.0019339434802532196,2850,C1,Fleurs
20/10/22_Deauville_C4,20/10/22,galop,14,14,1,0.004916245583444834,1200,C4,Deauville
21/10/22_Vincennes_C3,21/10/22,trot,3,3,1,0.9536306262016296,2850,C3,Vincennes
22/10/22_SaintCloud_C4,22/10/22,galop,6,6,1,0.014257512986660004,1600,C4,SaintCloud
23/10/22_Longchamps_C4,23/10/22,galop,1,1,1,0.0005598558345809579,2200,C4,Longchamps
24/10/22_Marseille_C4,24/10/22,galop,7,7,1,0.9653487205505371,2000,C4,Marseille
25/10/22_Auteuil_C1,25/10/22,galop,7,7,1,0.8737168312072754,3600,C1,Auteuil
26/10/22_Enghien_C1,26/10/22,trot,5,5,1,0.006671856623142958,2150,C1,Enghien
27/10/22_Longchamps_C1,27/10/22,galop,10,10,1,0.5882580280303955,2800,C1,Longchamps
28/10/22_Vincennes_C4,28/10/22,trot,13,13,1,0.367862343788147,2850,C4,Vincennes
29/10/22_Compiegne_C3,29/10/22,galop,12,12,1,0.008052162826061249,3600,C3,Compiegne
30/10/22_Chantilly_C6,30/10/22,galop,7,7,1,0.006373078096657991,1600,C6,Chantilly
31/10/22_SaintCloud_C3,31/10/22,galop,5,5,1,0.024277813732624054,2500,C3,SaintCloud
01/11/22_Laval_C3,01/11/22,trot,7,7,1,0.012479118071496487,2850,C3,Laval
02/11/22_Chantilly_C3,02/11/22,galop,2,2,1,0.0022290365304797888,1300,C3,Chantilly
03/11/22_Vincennes_C1,03/11/22,trot,4,4,1,0.9589606523513794,2700,C1,Vincennes
04/11/22_Vincennes_C4,04/11/22,trot,6,6,1,0.9695852398872375,2100,C4,Vincennes
05/11/22_Deauville_C3,05/11/22,galop,7,7,1,0.006671856623142958,2500,C3,Deauville
06/11/22_Deauville_C4,06/11/22,galop,5,5,1,0.9652082920074463,1900,C4,Deauville
07/11/22_Vincennes_C1,07/11/22,trot,12,12,1,0.5882580280303955,2700,C1,Vincennes
08/11/22_Fontainebleau_C4,08/11/22,galop,7,7,1,0.047682080417871475,1400,C4,Fontainebleau
09/11/22_nantes_C2,09/11/22,trot,14,14,1,0.5674086213111877,3000,C2,nantes
10/11/22_Vincennes_C1,10/11/22,trot,1,1,1,0.9747860431671143,2100,C1,Vincennes
11/11/22_Toulouse_C3,11/11/22,galop,13,13,1,0.27580931782722473,2400,C3,Toulouse
12/11/22_Vincennes_C3,12/11/22,trot,11,11,1,0.2538473606109619,2700,C3,Vincennes
13/11/22_Auteuil_C5,13/11/22,galop,7,7,1,0.0023688990622758865,4300,C5,Auteuil
14/11/22_Bordeaux_C4,14/11/22,trot,7,7,1,0.9764012694358826,2650,C4,Bordeaux
15/11/22_Chantilly_C5,15/11/22,galop,12,12,1,0.5882580280303955,1800,C5,Chantilly
16/11/22_Chantilly_C4,16/11/22,galop,4,4,1,0.010152339935302734,1600,C4,Chantilly
17/11/22_SaintCloud_C3,17/11/22,galop,11,11,1,0.1959182620048523,2000,C3,SaintCloud
18/11/22_Vincennes_C3,18/11/22,trot,3,3,1,0.9034186601638794,2100,C3,Vincennes
19/11/22_Auteuil_C6,19/11/22,galop,1,1,1,0.014889288693666458,3900,C6,Auteuil
20/11/22_Vincennes_C4,20/11/22,trot,2,2,1,0.7082740664482117,2700,C4,Vincennes
21/11/22_Vincennes_C1,21/11/22,trot,4,4,1,0.8565237522125244,2700,C1,Vincennes
22/11/22_Deauville_C1,22/11/22,galop,7,7,1,0.001116309780627489,1300,C1,Deauville
23/11/22_Mauquenchy_C1,23/11/22,trot,3,3,1,0.9628561735153198,2850,C1,Mauquenchy
24/11/22_Vincennes_C1,24/11/22,trot,13,13,1,0.0029383376240730286,2850,C1,Vincennes
25/11/22_Vincennes_C3,25/11/22,trot,8,8,1,0.8016079664230347,2700,C3,Vincennes
26/11/22_Vincennes_C7,26/11/22,trot,9,9,1,0.2538473606109619,2700,C7,Vincennes
27/11/22_Toulouse_C1,27/11/22,galop,8,8,1,0.0015015238896012306,2400,C1,Toulouse
28/11/22_Vincennes_C1,28/11/22,trot,8,8,1,0.004063368774950504,2700,C1,Vincennes
29/11/22_Deauville_C2,29/11/22,galop,9,9,1,0.0016439572209492326,1900,C2,Deauville
30/11/22_Deauville_C1,30/11/22,galop,6,6,1,0.0015170006081461906,2500,C1,Deauville
01/12/22_Vincennes_C1,01/12/22,trot,2,2,1,0.010531600564718246,2100,C1,Vincennes
02/12/22_Vincennes_C4,02/12/22,trot,10,10,1,0.006867676042020321,2100,C4,Vincennes
03/12/22_Vincennes_C3,03/12/22,trot,9,9,1,0.2538473606109619,2850,C3,Vincennes
04/12/22_Vincennes_C8,04/12/22,trot,3,3,1,0.9652082920074463,2850,C8,Vincennes
05/12/22_Vincennes_C1,05/12/22,trot,12,12,1,0.006308548152446747,2100,C1,Vincennes
06/12/22_Chantilly_C4,06/12/22,galop,11,11,1,0.2538473606109619,1600,C4,Chantilly
07/12/22_Vincennes_C1,07/12/22,trot,6,6,1,0.9555037021636963,2100,C1,Vincennes
08/12/22_Vincennes_C1,08/12/22,trot,4,4,1,0.966120183467865,2100,C1,Vincennes
09/12/22_Vincennes_C3,09/12/22,trot,11,11,1,0.27580931782722473,2850,C3,Vincennes
10/12/22_Vincennes_C3,10/12/22,trot,3,3,1,0.0009729545563459396,2700,C3,Vincennes
11/12/22_Vincennes_C4,11/12/22,trot,12,12,1,0.008147763088345528,2850,C4,Vincennes
12/12/22_Cagnes_C4,12/12/22,galop,11,11,1,0.0018399942200630903,4200,C4,Cagnes
13/12/22_Chantilly_C4,13/12/22,galop,11,11,1,0.0034749414771795273,3200,C4,Chantilly
14/12/22_Vincennes_C1,14/12/22,trot,8,8,1,0.9667648673057556,2850,C1,Vincennes
15/12/22_Deauville_C1,15/12/22,galop,6,6,1,0.9555037021636963,1300,C1,Deauville
16/12/22_Vincennes_C8,16/12/22,trot,10,10,1,0.010476642288267612,2850,C8,Vincennes
17/12/22_Vincennes_C3,17/12/22,trot,12,12,1,0.711571455001831,2100,C3,Vincennes
18/12/22_Vincennes_C8,18/12/22,trot,7,7,1,0.0076767681166529655,2850,C8,Vincennes
19/12/22_Cagnes_C3,19/12/22,galop,1,1,1,0.9747860431671143,3500,C3,Cagnes
20/12/22_Pau_C4,20/12/22,galop,7,7,1,0.0030789112206548452,3500,C4,Pau
21/12/22_Vincennes_C1,21/12/22,trot,13,13,1,0.003547659609466791,2850,C1,Vincennes
22/12/22_Deauville_C1,22/12/22,galop,9,9,1,0.0025601317174732685,1900,C1,Deauville
23/12/22_Vincennes_C7,23/12/22,trot,8,8,1,0.8565237522125244,2100,C7,Vincennes
24/12/22_Vincennes_C6,24/12/22,trot,5,5,1,0.0005447488510981202,2700,C6,Vincennes
25/12/22_Vincennes_C3,25/12/22,trot,4,4,1,0.0030602337792515755,2700,C3,Vincennes
26/12/22_Deauville_C1,26/12/22,galop,6,6,1,0.007570925634354353,1500,C1,Deauville
27/12/22_Vincennes_C1,27/12/22,trot,10,10,1,0.008052162826061249,2100,C1,Vincennes
28/12/22_Cagnes_C4,28/12/22,galop,7,7,1,0.015592275187373161,4000,C4,Cagnes
29/12/22_Vincennes_C1,29/12/22,trot,8,8,1,0.862650454044342,2700,C1,Vincennes
30/12/22_Vincennes_C8,30/12/22,trot,14,14,1,0.758026659488678,2700,C8,Vincennes
31/12/22_Vincennes_C6,31/12/22,trot,10,10,1,0.006308548152446747,2700,C6,Vincennes
01/01/23_Vincennes_C4,01/01/23,trot,5,5,1,0.024644045159220695,2100,C4,Vincennes
02/01/23_Vincennes_C4,02/01/23,trot,6,6,1,0.750607967376709,3800,C4,Vincennes
03/01/23_Vincennes_C1,03/01/23,trot,2,2,1,0.7082740664482117,2700,C1,Vincennes
04/01/23_Vincennes_C1,04/01/23,trot,11,11,1,0.0024911845102906227,2100,C1,Vincennes
05/01/23_Vincennes_C1,05/01/23,trot,6,6,1,0.9454215168952942,2100,C1,Vincennes
06/01/23_Deauville_C8,06/01/23,galop,6,6,1,0.916224479675293,1300,C8,Deauville
07/01/23_Vincennes_C4,07/01/23,trot,9,9,1,0.367862343788147,2850,C4,Vincennes
08/01/23_Vincennes_C4,08/01/23,trot,2,2,1,0.02937128022313118,2100,C4,Vincennes
09/01/23_Vincennes_C1,09/01/23,trot,14,14,1,0.711571455001831,2100,C1,Vincennes
10/01/23_Vincennes_C1,10/01/23,trot,3,3,1,0.00036530327633954585,2850,C1,Vincennes
11/01/23_Pau_C2,11/01/23,galop,14,14,1,0.013265770860016346,4000,C2,Pau
12/01/23_Cagnes_C1,12/01/23,trot,1,1,1,0.9653487205505371,2900,C1,Cagnes
13/01/23_Deauville_C8,13/01/23,galop,6,6,1,0.916224479675293,1900,C8,Deauville
14/01/23_Vincennes_C4,14/01/23,trot,14,14,1,0.5081051588058472,2850,C4,Vincennes
15/01/23_Vincennes_C4,15/01/23,trot,2,2,1,0.08376506716012955,2850,C4,Vincennes
16/01/23_Cagnes_C2,16/01/23,galop,6,6,1,0.34494125843048096,2150,C2,Cagnes
17/01/23_Vincennes_C2,17/01/23,trot,12,12,1,0.5081051588058472,2150,C2,Vincennes
18/01/23_Cagnes_C4,18/01/23,galop,2,2,1,0.0028671531472355127,2150,C4,Cagnes
19/01/23_Vincennes_C1,19/01/23,trot,7,7,1,0.0017862397944554687,2700,C1,Vincennes
20/01/23_Deauville_C8,20/01/23,galop,11,11,1,0.0034749414771795273,2500,C8,Deauville
21/01/23_Vincennes_C4,21/01/23,trot,7,7,1,0.9490061402320862,2850,C4,Vincennes
22/01/23_Vincennes_C4,22/01/23,trot,18,18,1,0.6911812424659729,2700,C4,Vincennes
23/01/23_Cagnes_C2,23/01/23,galop,15,15,1,0.003547659609466791,1500,C2,Cagnes
24/01/23_Cagnes_C4,24/01/23,trot,12,12,1,0.020449375733733177,2925,C4,Cagnes
25/01/23_Pau_C2,25/01/23,galop,13,13,1,0.0053856149315834045,3800,C2,Pau
26/01/23_Vincennes_C1,26/01/23,trot,3,3,1,0.8522900938987732,2850,C1,Vincennes
27/01/23_Deauville_C7,27/01/23,galop,9,9,1,0.0038884675595909357,1500,C7,Deauville
28/01/23_Vincennes_C4,28/01/23,trot,7,7,1,0.8403013944625854,2100,C4,Vincennes
29/01/23_Vincennes_C7,29/01/23,trot,9,9,1,0.005534225143492222,2700,C7,Vincennes
30/01/23_Vincennes_C1,30/01/23,trot,9,9,1,0.0019339434802532196,2850,C1,Vincennes
31/01/23_Cagnes_C2,31/01/23,galop,15,15,1,0.0016439572209492326,1500,C2,Cagnes
01/02/23_Pau_C5,01/02/23,galop,8,8,1,0.012570423074066639,4000,C5,Pau
02/02/23_Vincennes_C1,02/02/23,trot,7,7,1,0.0007465094095095992,2850,C1,Vincennes
03/02/23_Vincennes_C7,03/02/23,trot,8,8,1,0.8016079664230347,2850,C7,Vincennes
04/02/23_Deauville_C3,04/02/23,galop,4,4,1,0.024686338379979134,1900,C3,Deauville
05/02/23_Vincennes_C4,05/02/23,trot,9,9,1,0.47633272409439087,2175,C4,Vincennes
06/02/23_Vincennes_C1,06/02/23,trot,13,13,1,0.0029383376240730286,2700,C1,Vincennes
07/02/23_Cagnes_C4,07/02/23,galop,4,4,1,0.9589606523513794,2500,C4,Cagnes
08/02/23_Vincennes_C1,08/02/23,trot,4,4,1,0.5178934931755066,2100,C1,Vincennes
09/02/23_Cagnes_C2,09/02/23,galop,12,12,1,0.013265770860016346,1600,C2,Cagnes
10/02/23_Vincennes_C7,10/02/23,trot,10,10,1,0.5882580280303955,2700,C7,Vincennes
11/02/23_Vincennes_C4,11/02/23,trot,8,8,1,0.3231343626976013,2100,C4,Vincennes
12/02/23_Vincennes_C4,12/02/23,trot,5,5,1,0.9628561735153198,2100,C4,Vincennes
13/02/23_Vincennes_C1,13/02/23,trot,9,9,1,0.2703762948513031,2700,C1,Vincennes
14/02/23_Vincennes_C1,14/02/23,trot,8,8,1,0.97493976354599,2100,C1,Vincennes
15/02/23_Cagnes_C2,15/02/23,galop,16,16,1,0.014695857651531696,2000,C2,Cagnes
16/02/23_Vincennes_C1,16/02/23,trot,11,11,1,0.18280074000358582,2700,C1,Vincennes
17/02/23_Cagnes_C8,17/02/23,trot,10,10,1,0.758026659488678,2925,C8,Cagnes
18/02/23_Cagnes_C4,18/02/23,galop,13,13,1,0.0016439572209492326,2000,C4,Cagnes
19/02/23_Vincennes_C4,19/02/23,trot,3,3,1,0.9653487205505371,2700,C4,Vincennes
20/02/23_Vincennes_C1,20/02/23,trot,12,12,1,0.005834735929965973,2850,C1,Vincennes
21/02/23_Vincennes_C1,21/02/23,trot,10,10,1,0.758026659488678,2850,C1,Vincennes
22/02/23_Cagnes_C2,22/02/23,galop,15,15,1,0.0034749414771795273,1500,C2,Cagnes
23/02/23_Vincennes_C1,23/02/23,trot,11,11,1,0.0012105850037187338,2100,C1,Vincennes
24/02/23_Vincennes_C7,24/02/23,trot,14,14,1,0.758026659488678,2850,C7,Vincennes
25/02/23_Auteuil_C4,25/02/23,galop,14,14,1,0.014432564377784729,3600,C4,Auteuil
26/02/23_Vincennes_C4,26/02/23,trot,11,11,1,0.2703762948513031,4150,C4,Vincennes
27/02/23_Cagnes_C1,27/02/23,galop,11,11,1,0.34821802377700806,2150,C1,Cagnes
28/02/23_Vincennes_C1,28/02/23,trot,14,14,1,0.005834735929965973,2100,C1,Vincennes
01/03/23_Chantilly_C1,01/03/23,galop,5,5,1,0.9653487205505371,1300,C1,Chantilly
02/03/23_Vincennes_C1,02/03/23,trot,9,9,1,0.0029383376240730286,2700,C1,Vincennes
03/03/23_Cagnes_C7,03/03/23,trot,8,8,1,0.862650454044342,2925,C7,Cagnes
04/03/23_nantes_C4,04/03/23,trot,5,5,1,0.0005598558345809579,2700,C4,nantes
05/03/23_Auteuil_C3,05/03/23,galop,1,1,1,0.4468967020511627,3600,C3,Auteuil
06/03/23_Caen_C4,06/03/23,trot,5,5,1,0.9653487205505371,2450,C4,Caen
07/03/23_Chantilly_C1,07/03/23,galop,6,6,1,0.002818587701767683,1600,C1,Chantilly
08/03/23_Amiens_C1,08/03/23,trot,4,4,1,0.024686338379979134,2900,C1,Amiens
09/03/23_SaintCloud_C1,09/03/23,galop,7,7,1,0.0053774574771523476,2000,C1,SaintCloud
10/03/23_Enghien_C8,10/03/23,trot,11,11,1,0.0053856149315834045,2150,C8,Enghien
11/03/23_Auteuil_C6,11/03/23,galop,12,12,1,0.007507486268877983,4400,C6,Auteuil
12/03/23_Cagnes_C4,12/03/23,trot,6,6,1,0.012570423074066639,2925,C4,Cagnes
13/03/23_Chantilly_C1,13/03/23,galop,8,8,1,0.002818587701767683,2700,C1,Chantilly
14/03/23_Laval_C1,14/03/23,trot,9,9,1,0.47633272409439087,2850,C1,Laval
15/03/23_Chantilly_C1,15/03/23,galop,16,16,1,0.006308548152446747,1900,C1,Chantilly
16/03/23_Caen_C1,16/03/23,trot,2,2,1,0.9555037021636963,2200,C1,Caen
17/03/23_Enghien_C8,17/03/23,trot,10,10,1,0.004974802955985069,2150,C8,Enghien
18/03/23_SaintCloud_C4,18/03/23,galop,15,15,1,0.0024911845102906227,1400,C4,SaintCloud
19/03/23_Auteuil_C3,19/03/23,galop,14,14,1,0.007507486268877983,3900,C3,Auteuil
20/03/23_Compiegne_C1,20/03/23,galop,3,3,1,0.0008098582038655877,1800,C1,Compiegne
21/03/23_Chantilly_C1,21/03/23,galop,7,7,1,0.9628561735153198,2100,C1,Chantilly
22/03/23_Lisieux_C4,22/03/23,trot,14,14,1,0.5051310062408447,2725,C4,Lisieux
23/03/23_SaintCloud_C1,23/03/23,galop,9,9,1,0.001177939702756703,2400,C1,SaintCloud
24/03/23_Vincennes_C8,24/03/23,trot,13,13,1,0.27580931782722473,2850,C8,Vincennes
25/03/23_Vincennes_C4,25/03/23,trot,11,11,1,0.2538473606109619,2850,C4,Vincennes
26/03/23_Auteuil_C3,26/03/23,galop,1,1,1,0.2521522045135498,3600,C3,Auteuil
27/03/23_Fontainebleau_C1,27/03/23,galop,5,5,1,0.012479118071496487,1200,C1,Fontainebleau
28/03/23_SaintCloud_C1,28/03/23,galop,7,7,1,0.9354516267776489,1600,C1,SaintCloud
29/03/23_Marseille_C1,29/03/23,trot,4,4,1,0.9727960228919983,3000,C1,Marseille
30/03/23_Chantilly_C1,30/03/23,galop,11,11,1,0.367862343788147,1600,C1,Chantilly
31/03/23_Vincennes_C8,31/03/23,trot,1,1,1,0.8126317262649536,2100,C8,Vincennes
01/04/23_SaintCloud_C3,01/04/23,galop,1,1,1,0.9034186601638794,2100,C3,SaintCloud
02/04/23_Auteuil_C3,02/04/23,galop,12,12,1,0.013265770860016346,4700,C3,Auteuil
03/04/23_Chantilly_C1,03/04/23,galop,9,9,1,0.2538473606109619,1600,C1,Chantilly
04/04/23_Fontainebleau_C1,04/04/23,galop,12,12,1,0.014695857651531696,3000,C1,Fontainebleau
05/04/23_Angers_C1,05/04/23,trot,10,10,1,0.758026659488678,3100,C1,Angers
06/04/23_Deauville_C1,06/04/23,galop,12,12,1,0.003559299511834979,1900,C1,Deauville
07/04/23_Vincennes_C8,07/04/23,trot,2,2,1,0.0018576087895780802,2700,C8,Vincennes
08/04/23_Vincennes_C3,08/04/23,trot,16,16,1,0.711571455001831,2700,C3,Vincennes
09/04/23_Longchamps_C3,09/04/23,galop,3,3,1,0.8545309901237488,1400,C3,Longchamps
10/04/23_Compiegne_C2,10/04/23,galop,15,15,1,0.005534225143492222,3800,C2,Compiegne
11/04/23_Chantilly_C1,11/04/23,galop,8,8,1,0.5047076344490051,2400,C1,Chantilly
12/04/23_Lyon_C1,12/04/23,trot,8,8,1,0.9589606523513794,2825,C1,Lyon
13/04/23_Auteuil_C1,13/04/23,galop,5,5,1,0.034680578857660294,3900,C1,Auteuil
14/04/23_Vincennes_C8,14/04/23,trot,8,8,1,0.001973857870325446,2850,C8,Vincennes
15/04/23_Vincennes_C4,15/04/23,trot,15,15,1,0.44828757643699646,2100,C4,Vincennes
16/04/23_Longchamps_C3,16/04/23,galop,12,12,1,0.008147763088345528,1850,C3,Longchamps
17/04/23_Chantilly_C1,17/04/23,galop,9,9,1,0.003547659609466791,1200,C1,Chantilly
18/04/23_Auteuil_C1,18/04/23,galop,4,4,1,0.003463273635134101,3900,C1,Auteuil
19/04/23_Pontchateau_C1,19/04/23,trot,15,15,1,0.003547659609466791,2800,C1,Pontchateau
20/04/23_Longchamps_C1,20/04/23,galop,8,8,1,0.0069380858913064,2250,C1,Longchamps
21/04/23_Vincennes_C8,21/04/23,trot,11,11,1,0.34821802377700806,2850,C8,Vincennes
22/04/23_Enghien_C4,22/04/23,trot,8,8,1,0.8565237522125244,2150,C4,Enghien
23/04/23_Auteuil_C3,23/04/23,galop,8,8,1,0.024686338379979134,4400,C3,Auteuil
24/04/23_Bordeaux_C4,24/04/23,galop,14,14,1,0.014695857651531696,1600,C4,Bordeaux
25/04/23_Compiegne_C3,25/04/23,galop,13,13,1,0.0053856149315834045,600,C3,Compiegne
26/04/23_SaintBrieux_C1,26/04/23,trot,1,1,1,0.9764012694358826,3150,C1,SaintBrieux
27/04/23_Longchamps_C1,27/04/23,galop,6,6,1,0.003269412787631154,1300,C1,Longchamps
28/04/23_Vincennes_C8,28/04/23,trot,6,6,1,0.3231343626976013,2700,C8,Vincennes
29/04/23_Auteuil_C3,29/04/23,galop,14,14,1,0.004916245583444834,4300,C3,Auteuil
30/04/23_Longchamps_C4,30/04/23,galop,17,17,1,0.27580931782722473,2000,C4,Longchamps
01/05/23_SaintCloud_C3,01/05/23,galop,12,12,1,0.006308548152446747,1400,C3,SaintCloud
02/05/23_Compiegne_C8,02/05/23,galop,3,3,1,0.0007218719692900777,2800,C8,Compiegne
03/05/23_Vichy_C4,03/05/23,trot,5,5,1,0.00047187780728563666,2950,C4,Vichy
04/05/23_Chantilly_C4,04/05/23,galop,5,5,1,0.018817543983459473,1600,C4,Chantilly
05/05/23_Vincennes_C3,05/05/23,trot,9,9,1,0.0016439572209492326,2100,C3,Vincennes
06/05/23_Vincennes_C4,06/05/23,trot,8,8,1,0.012570423074066639,2100,C4,Vincennes
07/05/23_Longchamps_C3,07/05/23,galop,9,9,1,0.001987498952075839,2100,C3,Longchamps
08/05/23_Lyon_C3,08/05/23,galop,15,15,1,0.0053856149315834045,2200,C3,Lyon
09/05/23_Chantilly_C8,09/05/23,galop,8,8,1,0.005659497808665037,1600,C8,Chantilly
10/05/23_Fontainebleau_C8,10/05/23,galop,2,2,1,0.9454215168952942,1200,C8,Fontainebleau
11/05/23_Longchamps_C2,11/05/23,galop,16,16,1,0.01123429648578167,1850,C2,Longchamps
12/05/23_Vincennes_C3,12/05/23,trot,14,14,1,0.758026659488678,2850,C3,Vincennes
13/05/23_Vincennes_C3,13/05/23,trot,15,15,1,0.27580931782722473,2450,C3,Vincennes
14/05/23_Longchamps_C4,14/05/23,galop,6,6,1,0.8280501961708069,2500,C4,Longchamps
15/05/23_Vichy_C4,15/05/23,trot,1,1,1,0.0007659109542146325,2500,C4,Vichy
16/05/23_SaintCloud_C8,16/05/23,galop,9,9,1,0.003547659609466791,1400,C8,SaintCloud
17/05/23_Vincennes_C8,17/05/23,trot,13,13,1,0.2538473606109619,2850,C8,Vincennes
18/05/23_Longchamps_C2,18/05/23,galop,3,3,1,0.9748967289924622,1600,C2,Longchamps
19/05/23_Vincennes_C3,19/05/23,trot,10,10,1,0.4246238172054291,2700,C3,Vincennes
20/05/23_Auteuil_C3,20/05/23,galop,9,9,1,0.34821802377700806,5100,C3,Auteuil
21/05/23_Auteuil_C4,21/05/23,galop,2,2,1,0.005120145156979561,6000,C4,Auteuil
22/05/23_Marseille_C4,22/05/23,galop,6,6,1,0.02246323600411415,1800,C4,Marseille
23/05/23_SaintCloud_C8,23/05/23,galop,1,1,1,0.012479118071496487,2000,C8,SaintCloud
24/05/23_CroiseLaroche_C7,24/05/23,trot,9,9,1,0.0019339434802532196,2800,C7,CroiseLaroche
25/05/23_Longchamps_C3,25/05/23,galop,10,10,1,0.5081051588058472,2850,C3,Longchamps
26/05/23_Vincennes_C3,26/05/23,trot,13,13,1,0.44828757643699646,2850,C3,Vincennes
27/05/23_Enghien_C3,27/05/23,trot,3,3,1,0.9490061402320862,2150,C3,Enghien
28/05/23_SaintCloud_C4,28/05/23,galop,13,13,1,0.37424948811531067,1400,C4,SaintCloud
29/05/23_Longchamps_C3,29/05/23,galop,5,5,1,0.9628561735153198,2200,C3,Longchamps
30/05/23_Angers_C5,30/05/23,galop,5,5,1,0.9652082920074463,1350,C5,Angers
31/05/23_strasbourg_C4,31/05/23,galop,3,3,1,0.9748967289924622,3000,C4,strasbourg
01/06/23_Longchamps_C2,01/06/23,galop,5,5,1,0.014889288693666458,1800,C2,Longchamps
02/06/23_Vincennes_C3,02/06/23,trot,12,12,1,0.711571455001831,2850,C3,Vincennes
03/06/23_Auteuil_C4,03/06/23,galop,1,1,1,0.9354516267776489,3700,C4,Auteuil
04/06/23_Chantilly_C4,04/06/23,galop,5,5,1,0.01012908760458231,2400,C4,Chantilly
05/06/23_Vichy_C4,05/06/23,trot,9,9,1,0.0034749414771795273,2800,C4,Vichy
06/06/23_SaintCloud_C8,06/06/23,galop,9,9,1,0.0010815338464453816,1500,C8,SaintCloud
07/06/23_Laval_C7,07/06/23,trot,1,1,1,0.9628561735153198,2850,C7,Laval
08/06/23_Longchamps_C2,08/06/23,galop,2,2,1,0.012570423074066639,2250,C2,Longchamps
09/06/23_Vincennes_C3,09/06/23,trot,2,2,1,0.8280501961708069,2700,C3,Vincennes
10/06/23_Vincennes_C3,10/06/23,trot,4,4,1,0.004516348242759705,2850,C3,Vincennes
11/06/23_Longchamps_C4,11/06/23,galop,12,12,1,0.013265770860016346,2000,C4,Longchamps
12/06/23_Caen_C4,12/06/23,trot,7,7,1,0.014355377294123173,2450,C4,Caen
13/06/23_Compiegne_C8,13/06/23,galop,9,9,1,0.0029383376240730286,1400,C8,Compiegne
14/06/23_SaintCloud_C8,14/06/23,galop,4,4,1,0.02246323600411415,1600,C8,SaintCloud
15/06/23_Longchamps_C2,15/06/23,galop,3,3,1,0.9764012694358826,2400,C2,Longchamps
16/06/23_Vincennes_C4,16/06/23,trot,13,13,1,0.27580931782722473,2700,C4,Vincennes
17/06/23_Enghien_C4,17/06/23,trot,10,10,1,0.758026659488678,2150,C4,Enghien
18/06/23_Chantilly_C5,18/06/23,galop,14,14,1,0.5051310062408447,2100,C5,Chantilly
19/06/23_SaintCloud_C8,19/06/23,galop,8,8,1,0.001973857870325446,2000,C8,SaintCloud
20/06/23_nantes_C2,20/06/23,galop,10,10,1,0.004974802955985069,2200,C2,nantes
21/06/23_Libourne_C4,21/06/23,trot,11,11,1,0.1959182620048523,2800,C4,Libourne
22/06/23_LaTeste_C4,22/06/23,galop,16,16,1,0.004916245583444834,1800,C4,LaTeste
23/06/23_Vincennes_C3,23/06/23,trot,7,7,1,0.9563679099082947,2100,C3,Vincennes
24/06/23_Compiegne_C4,24/06/23,galop,14,14,1,0.006308548152446747,2800,C4,Compiegne
25/06/23_Vincennes_C4,25/06/23,trot,11,11,1,0.44828757643699646,2850,C4,Vincennes
26/06/23_Lyon_C8,26/06/23,galop,8,8,1,0.9721054434776306,2000,C8,Lyon
27/06/23_Auteuil_C8,27/06/23,galop,12,12,1,0.008052162826061249,3600,C8,Auteuil
28/06/23_Vichy_C4,28/06/23,trot,5,5,1,0.9563679099082947,2950,C4,Vichy
29/06/23_Longchamps_C3,29/06/23,galop,15,15,1,0.0018399942200630903,1400,C3,Longchamps
30/06/23_Vincennes_C3,30/06/23,trot,7,7,1,0.9653487205505371,2100,C3,Vincennes
01/07/23_Enghien_C4,01/07/23,trot,10,10,1,0.008052162826061249,2150,C4,Enghien
02/07/23_Deauville_C4,02/07/23,galop,10,10,1,0.7091233730316162,2000,C4,Deauville
03/07/23_Clairefontaine_C4,03/07/23,galop,9,9,1,0.0024911845102906227,3900,C4,Clairefontaine
04/07/23_Vichy_C8,04/07/23,trot,7,7,1,0.9652082920074463,2800,C8,Vichy
05/07/23_Enghien_C4,05/07/23,trot,3,3,1,0.8606302738189697,2150,C4,Enghien
06/07/23_Longchamps_C2,06/07/23,galop,5,5,1,0.001116309780627489,1600,C2,Longchamps
07/07/23_Cabourg_C3,07/07/23,trot,13,13,1,0.003547659609466791,2750,C3,Cabourg
08/07/23_Enghien_C4,08/07/23,trot,2,2,1,0.059659603983163834,2875,C4,Enghien
09/07/23_Deauville_C4,09/07/23,galop,15,15,1,0.001177939702756703,1200,C4,Deauville
10/07/23_Chantilly_C9,10/07/23,galop,15,15,1,0.0024911845102906227,2400,C9,Chantilly
11/07/23_Chateaubriant_C8,11/07/23,trot,5,5,1,0.8737168312072754,3000,C8,Chateaubriant
12/07/23_Enghien_C4,12/07/23,trot,8,8,1,0.6031355261802673,2150,C4,Enghien
13/07/23_Compiegne_C8,13/07/23,galop,1,1,1,0.012479118071496487,1600,C8,Compiegne
14/07/23_Longchamps_C3,14/07/23,galop,8,8,1,0.9376508593559265,1800,C3,Longchamps
15/07/23_Enghien_C4,15/07/23,trot,7,7,1,0.8171016573905945,2150,C4,Enghien
16/07/23_Chantilly_C4,16/07/23,galop,2,2,1,0.9591252207756042,1200,C4,Chantilly
17/07/23_Vire_C8,17/07/23,trot,4,4,1,0.8016079664230347,2825,C8,Vire
18/07/23_Vichy_C1,18/07/23,galop,2,2,1,0.916224479675293,1400,C1,Vichy
19/07/23_Vichy_C3,19/07/23,galop,8,8,1,0.97493976354599,2400,C3,Vichy
20/07/23_Vichy_C8,20/07/23,galop,5,5,1,0.9354516267776489,2800,C8,Vichy
21/07/23_Cabourg_C3,21/07/23,trot,16,16,1,0.5674086213111877,2750,C3,Cabourg
22/07/23_Enghien_C4,22/07/23,trot,8,8,1,0.01211864035576582,2150,C4,Enghien
23/07/23_LaTeste_C3,23/07/23,galop,16,16,1,0.010476642288267612,2000,C3,LaTeste
24/07/23_Compiegne_C8,24/07/23,galop,10,10,1,0.014695857651531696,1600,C8,Compiegne
25/07/23_Dieppe_C8,25/07/23,galop,6,6,1,0.8709704279899597,1800,C8,Dieppe
26/07/23_Enghien_C4,26/07/23,trot,11,11,1,0.0053856149315834045,2875,C4,Enghien
27/07/23_Clairefontaine_C4,27/07/23,galop,13,13,1,0.367862343788147,3600,C4,Clairefontaine
28/07/23_Cabourg_C4,28/07/23,trot,8,8,1,0.8280501961708069,2750,C4,Cabourg
29/07/23_Enghien_C4,29/07/23,trot,4,4,1,0.0036757050547748804,2150,C4,Enghien
30/07/23_Deauville_C3,30/07/23,galop,3,3,1,0.0005100014386698604,1900,C3,Deauville
31/07/23_Dieppe_C4,31/07/23,galop,11,11,1,0.0018399942200630903,1800,C4,Dieppe
01/08/23_Clairefontaine_C8,01/08/23,galop,6,6,1,0.9376508593559265,1400,C8,Clairefontaine
02/08/23_Enghien_C4,02/08/23,trot,1,1,1,0.9536306262016296,2150,C4,Enghien
03/08/23_Deauville_C4,03/08/23,galop,7,7,1,0.9653487205505371,2150,C4,Deauville
04/08/23_Cabourg_C3,04/08/23,trot,6,6,1,0.14930006861686707,2750,C3,Cabourg
05/08/23_Deauville_C3,05/08/23,galop,6,6,1,0.966120183467865,1300,C3,Deauville
06/08/23_Deauville_C3,06/08/23,galop,10,10,1,0.005834735929965973,1600,C3,Deauville
07/08/23_Clairefontaine_C8,07/08/23,galop,1,1,1,0.9536306262016296,3600,C8,Clairefontaine
08/08/23_Deauville_C8,08/08/23,galop,13,13,1,0.0025601317174732685,1600,C8,Deauville
09/08/23_SaintMalo_C4,09/08/23,trot,10,10,1,0.4837661683559418,2950,C4,SaintMalo
10/08/23_Enghien_C4,10/08/23,trot,2,2,1,0.005899172276258469,2875,C4,Enghien
11/08/23_Cabourg_C3,11/08/23,trot,2,2,1,0.916224479675293,2725,C3,Cabourg
12/08/23_Deauville_C3,12/08/23,galop,4,4,1,0.0069380858913064,2000,C3,Deauville
13/08/23_Deauville_C3,13/08/23,galop,3,3,1,0.2136131227016449,1900,C3,Deauville
14/08/23_Clairefontaine_C8,14/08/23,galop,9,9,1,0.0018399942200630903,2400,C8,Clairefontaine
15/08/23_Deauville_C3,15/08/23,galop,9,9,1,0.0037838825955986977,1200,C3,Deauville
16/08/23_Enghien_C4,16/08/23,trot,1,1,1,0.0006783782155252993,2150,C4,Enghien
17/08/23_Deauville_C4,17/08/23,galop,15,15,1,0.0022875452414155006,1500,C4,Deauville
18/08/23_Pornichet_C5,18/08/23,trot,12,12,1,0.0045152697712183,2725,C5,Pornichet
19/08/23_Deauville_C3,19/08/23,galop,6,6,1,0.9555037021636963,1900,C3,Deauville
20/08/23_Deauville_C3,20/08/23,galop,5,5,1,0.9652082920074463,1900,C3,Deauville
21/08/23_Vichy_C1,21/08/23,galop,5,5,1,0.03316938504576683,2000,C1,Vichy
22/08/23_Deauville_C8,22/08/23,galop,15,15,1,0.0025601317174732685,3200,C8,Deauville
23/08/23_Vincennes_C4,23/08/23,trot,9,9,1,0.47633272409439087,2700,C4,Vincennes
24/08/23_Deauville_C4,24/08/23,galop,1,1,1,0.9765050411224365,1400,C4,Deauville
25/08/23_Cabourg_C4,25/08/23,trot,6,6,1,0.9454215168952942,2725,C4,Cabourg
26/08/23_Clairefontaine_C4,26/08/23,galop,4,4,1,0.8280501961708069,2200,C4,Clairefontaine
27/08/23_Deauville_C3,27/08/23,galop,2,2,1,0.004537244793027639,1500,C3,Deauville
28/08/23_Vincennes_C8,28/08/23,trot,1,1,1,0.9354516267776489,2100,C8,Vincennes
29/08/23_Dieppe_C8,29/08/23,galop,10,10,1,0.758026659488678,1100,C8,Dieppe
30/08/23_Compiegne_C8,30/08/23,galop,11,11,1,0.0016439572209492326,2000,C8,Compiegne
31/08/23_Longchamps_C8,31/08/23,galop,9,9,1,0.0053856149315834045,1600,C8,Longchamps
01/09/23_Vincennes_C4,01/09/23,trot,9,9,1,0.003547659609466791,2700,C4,Vincennes
02/09/23_Vincennes_C4,02/09/23,trot,13,13,1,0.37424948811531067,2850,C4,Vincennes
03/09/23_Longchamps_C4,03/09/23,galop,5,5,1,0.0006783782155252993,2400,C4,Longchamps
04/09/23_Craon_C1,04/09/23,trot,2,2,1,0.9695852398872375,2775,C1,Craon
05/09/23_Auteuil_C4,05/09/23,galop,1,1,1,0.0053774574771523476,3600,C4,Auteuil
06/09/23_LaCapelle_C1,06/09/23,trot,13,13,1,0.47633272409439087,2700,C1,LaCapelle
07/09/23_Longchamps_C5,07/09/23,galop,13,13,1,0.001177939702756703,1400,C5,Longchamps
08/09/23_Vincennes_C7,08/09/23,trot,5,5,1,0.7650724053382874,2850,C7,Vincennes
09/09/23_Vincennes_C4,09/09/23,trot,3,3,1,0.0017862397944554687,2850,C4,Vincennes
10/09/23_Longchamps_C4,10/09/23,galop,13,13,1,0.1959182620048523,1850,C4,Longchamps
11/09/23_Beaumont_C5,11/09/23,trot,6,6,1,0.9667648673057556,2550,C5,Beaumont
12/09/23_Auteuil_C1,12/09/23,galop,4,4,1,0.8280501961708069,3600,C1,Auteuil
13/09/23_Angers_C1,13/09/23,trot,8,8,1,0.9526143074035645,3100,C1,Angers
14/09/23_Fontainebleau_C5,14/09/23,galop,16,16,1,0.5051310062408447,1600,C5,Fontainebleau
15/09/23_Vincennes_C3,15/09/23,trot,7,7,1,0.012096436694264412,2100,C3,Vincennes
16/09/23_Chantilly_C3,16/09/23,galop,7,7,1,0.9034186601638794,1200,C3,Chantilly
17/09/23_Vincennes_C4,17/09/23,trot,8,8,1,0.001973857870325446,2850,C4,Vincennes
18/09/23_Compiegne_C1,18/09/23,galop,10,10,1,0.009513751603662968,2400,C1,Compiegne
19/09/23_Vincennes_C4,19/09/23,trot,5,5,1,0.001031701103784144,2100,C4,Vincennes
20/09/23_Fleurs_C1,20/09/23,trot,2,2,1,0.97493976354599,2850,C1,Fleurs
21/09/23_Vincennes_C1,21/09/23,trot,9,9,1,0.47633272409439087,2700,C1,Vincennes
22/09/23_Vincennes_C3,22/09/23,trot,10,10,1,0.014695857651531696,2700,C3,Vincennes
23/09/23_Auteuil_C3,23/09/23,galop,7,7,1,0.9458332061767578,4400,C3,Auteuil
24/09/23_Vincennes_C4,24/09/23,trot,16,16,1,0.5081051588058472,2850,C4,Vincennes
25/09/23_LaCapelle_C4,25/09/23,trot,5,5,1,0.9563679099082947,2750,C4,LaCapelle
26/09/23_Compiegne_C1,26/09/23,galop,13,13,1,0.18280074000358582,3800,C1,Compiegne
27/09/23_MontSaintMichel_C1,27/09/23,trot,13,13,1,0.469510555267334,2675,C1,MontSaintMichel
28/09/23_Chantilly_C1,28/09/23,galop,12,12,1,0.758026659488678,1800,C1,Chantilly
29/09/23_Vincennes_C3,29/09/23,trot,12,12,1,0.01123429648578167,2850,C3,Vincennes
30/09/23_Longchamps_C4,30/09/23,galop,8,8,1,0.0020755997393280268,2500,C4,Longchamps
01/10/23_Longchamps_C4,01/10/23,galop,13,13,1,0.44828757643699646,2400,C4,Longchamps
02/10/23_Enghien_C1,02/10/23,trot,12,12,1,0.014695857651531696,2150,C1,Enghien
03/10/23_Auteuil_C1,03/10/23,galop,3,3,1,0.9747860431671143,3600,C1,Auteuil
04/10/23_Le_Mans_C1,04/10/23,trot,1,1,1,0.0018186389934271574,2950,C1,Le_Mans
05/10/23_SaintCloud_C1,05/10/23,galop,10,10,1,0.7733586430549622,1400,C1,SaintCloud
06/10/23_Vincennes_C7,06/10/23,trot,10,10,1,0.5051310062408447,2700,C7,Vincennes
07/10/23_Caen_C3,07/10/23,trot,3,3,1,0.8978022336959839,2450,C3,Caen
08/10/23_Auteuil_C3,08/10/23,galop,13,13,1,0.47633272409439087,3700,C3,Auteuil
09/10/23_Enghien_C1,09/10/23,trot,13,13,1,0.0010815338464453816,2875,C1,Enghien
10/10/23_SaintCloud_C1,10/10/23,galop,14,14,1,0.004974802955985069,2400,C1,SaintCloud
11/10/23_Enghien_C1,11/10/23,trot,3,3,1,0.00047187780728563666,2875,C1,Enghien
12/10/23_Chantilly_C1,12/10/23,galop,3,3,1,0.000832310994155705,1200,C1,Chantilly
13/10/23_Vincennes_C3,13/10/23,trot,3,3,1,0.0023688990622758865,2850,C3,Vincennes
14/10/23_Auteuil_C4,14/10/23,galop,16,16,1,0.007507486268877983,3900,C4,Auteuil
15/10/23_Longchamps_C3,15/10/23,galop,5,5,1,0.00048247960512526333,2000,C3,Longchamps
16/10/23_Clairefontaine_C1,16/10/23,galop,9,9,1,0.0029383376240730286,2400,C1,Clairefontaine
17/10/23_Vincennes_C1,17/10/23,trot,3,3,1,0.3582025468349457,2700,C1,Vincennes
18/10/23_Reims_C1,18/10/23,trot,16,16,1,0.711571455001831,2550,C1,Reims
19/10/23_Deauville_C1,19/10/23,galop,3,3,1,0.02655795030295849,1900,C1,Deauville
20/10/23_Vincennes_C3,20/10/23,trot,16,16,1,0.711571455001831,2850,C3,Vincennes
21/10/23_Longchamps_C4,21/10/23,galop,1,1,1,0.9628561735153198,1600,C4,Longchamps
22/10/23_SaintCloud_C4,22/10/23,galop,6,6,1,0.0025400889571756124,2500,C4,SaintCloud
23/10/23_Marseille_C4,23/10/23,galop,1,1,1,0.9458332061767578,2000,C4,Marseille
24/10/23_Auteuil_C1,24/10/23,galop,10,10,1,0.010476642288267612,3600,C1,Auteuil
25/10/23_Toulouse_C1,25/10/23,trot,3,3,1,0.002268334152176976,2950,C1,Toulouse
26/10/23_Chantilly_C1,26/10/23,galop,2,2,1,0.9371883273124695,1900,C1,Chantilly
27/10/23_Vincennes_C13,27/10/23,trot,15,15,1,0.1959182620048523,2100,C13,Vincennes
28/10/23_Compiegne_C3,28/10/23,galop,13,13,1,0.27580931782722473,3600,C3,Compiegne
29/10/23_Longchamps_C6,29/10/23,galop,13,13,1,0.003547659609466791,2800,C6,Longchamps
30/10/23_SaintCloud_C6,30/10/23,galop,8,8,1,0.0029246911872178316,2800,C6,SaintCloud
31/10/23_Chantilly_C4,31/10/23,galop,8,8,1,0.0028671531472355127,1600,C4,Chantilly
01/11/23_Laval_C3,01/11/23,trot,2,2,1,0.02410304546356201,2850,C3,Laval
02/11/23_Vincennes_C1,02/11/23,trot,11,11,1,0.005534225143492222,2700,C1,Vincennes
03/11/23_Vincennes_C3,03/11/23,trot,11,11,1,0.001177939702756703,2100,C3,Vincennes
04/11/23_Deauville_C3,04/11/23,galop,16,16,1,0.010476642288267612,1400,C3,Deauville
05/11/23_Deauville_C4,05/11/23,galop,4,4,1,0.00587191479280591,1900,C4,Deauville
06/11/23_Vincennes_C1,06/11/23,trot,7,7,1,0.9536306262016296,2100,C1,Vincennes
07/11/23_Fontainebleau_C3,07/11/23,galop,16,16,1,0.0103539964184165,1200,C3,Fontainebleau
08/11/23_Nantes_C2,08/11/23,trot,10,10,1,0.6911812424659729,3000,C2,Nantes
09/11/23_Vincennes_C1,09/11/23,trot,9,9,1,0.27580931782722473,2700,C1,Vincennes
10/11/23_Vincennes_C3,10/11/23,trot,8,8,1,0.7637816071510315,2700,C3,Vincennes
11/11/23_Toulouse_C3,11/11/23,galop,12,12,1,0.4246238172054291,2400,C3,Toulouse
12/11/23_Auteuil_C5,12/11/23,galop,1,1,1,0.006373078096657991,4300,C5,Auteuil
13/11/23_Vincennes_C1,13/11/23,trot,5,5,1,0.9727494716644287,2700,C1,Vincennes
14/11/23_Chantilly_C4,14/11/23,galop,9,9,1,0.18280074000358582,1900,C4,Chantilly
15/11/23_Bordeaux_C2,15/11/23,trot,4,4,1,0.44576579332351685,2650,C2,Bordeaux
16/11/23_Deauville_C1,16/11/23,galop,6,6,1,0.9526143074035645,2500,C1,Deauville
17/11/23_Vincennes_C3,17/11/23,trot,9,9,1,0.27580931782722473,2100,C3,Vincennes
18/11/23_Auteuil_C6,18/11/23,galop,10,10,1,0.01123429648578167,3900,C6,Auteuil
19/11/23_Vincennes_C4,19/11/23,trot,9,9,1,0.0025601317174732685,2700,C4,Vincennes
20/11/23_Vincennes_C1,20/11/23,trot,6,6,1,0.8215461373329163,2700,C1,Vincennes
21/11/23_Chantilly_C4,21/11/23,galop,11,11,1,0.003547659609466791,1600,C4,Chantilly
22/11/23_Mauquenchy_C1,22/11/23,trot,14,14,1,0.008052162826061249,2850,C1,Mauquenchy
23/11/23_Vincennes_C1,23/11/23,trot,3,3,1,0.01968817599117756,2850,C1,Vincennes
24/11/23_Vincennes_C3,24/11/23,trot,6,6,1,0.8565237522125244,2100,C3,Vincennes
25/11/23_Vincennes_C3,25/11/23,trot,5,5,1,0.077753446996212,2700,C3,Vincennes
26/11/23_Auteuil_C6,26/11/23,galop,5,5,1,0.9490061402320862,3600,C6,Auteuil
27/11/23_Vincennes_C1,27/11/23,trot,5,5,1,0.0023688990622758865,2700,C1,Vincennes
28/11/23_Deauville_C1,28/11/23,galop,3,3,1,0.0002580588043201715,1900,C1,Deauville
29/11/23_Deauville_C1,29/11/23,galop,1,1,1,0.0005274112918414176,1900,C1,Deauville
30/11/23_Vincennes_C1,30/11/23,trot,14,14,1,0.008052162826061249,2100,C1,Vincennes
01/12/23_Vincennes_C3,01/12/23,trot,6,6,1,0.021472569555044174,2100,C3,Vincennes
02/12/23_Vincennes_C4,02/12/23,trot,12,12,1,0.0045152697712183,2850,C4,Vincennes
03/12/23_Vincennes_C4,03/12/23,trot,10,10,1,0.014869151636958122,2850,C4,Vincennes
04/12/23_Vincennes_C1,04/12/23,trot,16,16,1,0.014695857651531696,2100,C1,Vincennes
05/12/23_Deauville_C1,05/12/23,galop,7,7,1,0.012030576355755329,2500,C1,Deauville
06/12/23_Vincennes_C1,06/12/23,trot,8,8,1,0.9695852398872375,2100,C1,Vincennes
07/12/23_Vincennes_C1,07/12/23,trot,7,7,1,0.02655795030295849,2100,C1,Vincennes
08/12/23_Vincennes_C3,08/12/23,trot,9,9,1,0.0053856149315834045,2700,C3,Vincennes
09/12/23_Vincennes_C3,09/12/23,trot,17,17,1,0.37424948811531067,2700,C3,Vincennes
10/12/23_Vincennes_C4,10/12/23,trot,12,12,1,0.5674086213111877,2850,C4,Vincennes
11/12/23_Cagnes_C4,11/12/23,galop,9,9,1,0.001987498952075839,4200,C4,Cagnes
12/12/23_Chantilly_C4,12/12/23,galop,9,9,1,0.0029383376240730286,1600,C4,Chantilly
13/12/23_Vincennes_C1,13/12/23,trot,9,9,1,0.0016439572209492326,2100,C1,Vincennes
14/12/23_Chantilly_C4,14/12/23,galop,12,12,1,0.020449375733733177,3200,C4,Chantilly
15/12/23_Vincennes_C8,15/12/23,trot,14,14,1,0.008052162826061249,2850,C8,Vincennes
16/12/23_Vincennes_C4,16/12/23,trot,15,15,1,0.0025601317174732685,2100,C4,Vincennes
17/12/23_Vincennes_C4,17/12/23,trot,9,9,1,0.003547659609466791,2700,C4,Vincennes
18/12/23_Cagnes_C3,18/12/23,galop,12,12,1,0.006308548152446747,3500,C3,Cagnes
19/12/23_Pau_C4,19/12/23,galop,14,14,1,0.020449375733733177,3500,C4,Pau
20/12/23_Vincennes_C1,20/12/23,trot,2,2,1,0.8636130094528198,2850,C1,Vincennes
21/12/23_Deauville_C1,21/12/23,galop,3,3,1,0.08280367404222488,1900,C1,Deauville
22/12/23_Vincennes_C8,22/12/23,trot,5,5,1,0.9594379663467407,2100,C8,Vincennes
23/12/23_Vincennes_C3,23/12/23,trot,13,13,1,0.367862343788147,2700,C3,Vincennes
24/12/23_Vincennes_C6,24/12/23,trot,2,2,1,0.9695852398872375,2100,C6,Vincennes
25/12/23_Vincennes_C4,25/12/23,trot,14,14,1,0.5051310062408447,2700,C4,Vincennes
26/12/23_Deauville_C1,26/12/23,galop,9,9,1,0.0038884675595909357,1300,C1,Deauville
27/12/23_Cagnes_C4,27/12/23,galop,12,12,1,0.014869151636958122,4000,C4,Cagnes
28/12/23_Vincennes_C1,28/12/23,trot,11,11,1,0.27580931782722473,2700,C1,Vincennes
29/12/23_Vincennes_C8,29/12/23,trot,14,14,1,0.008052162826061249,2700,C8,Vincennes
30/12/23_Vincennes_C3,30/12/23,trot,3,3,1,0.9005402326583862,2850,C3,Vincennes
31/12/23_Vincennes_C6,31/12/23,trot,16,16,1,0.014695857651531696,2100,C6,Vincennes
01/01/24_Vincennes_C4,01/01/24,trot,1,1,1,0.018817543983459473,2100,C4,Vincennes
02/01/24_Pau_C3,02/01/24,galop,8,8,1,0.005659497808665037,3800,C3,Pau
03/01/24_Vincennes_C1,03/01/24,trot,5,5,1,0.9628561735153198,2700,C1,Vincennes
04/01/24_Vincennes_C1,04/01/24,trot,2,2,1,0.005734369158744812,2100,C1,Vincennes
05/01/24_Deauville_C7,05/01/24,galop,11,11,1,0.0024911845102906227,2500,C7,Deauville
06/01/24_Vincennes_C4,06/01/24,trot,14,14,1,0.6911812424659729,2850,C4,Vincennes
07/01/24_Vincennes_C4,07/01/24,trot,4,4,1,0.8280501961708069,2100,C4,Vincennes
08/01/24_Vincennes_C1,08/01/24,trot,13,13,1,0.0019339434802532196,2850,C1,Vincennes
09/01/24_Vincennes_C1,09/01/24,trot,10,10,1,0.5081051588058472,2850,C1,Vincennes
10/01/24_Pau_C2,10/01/24,galop,4,4,1,0.021472569555044174,4000,C2,Pau
11/01/24_Cagnes_C1,11/01/24,trot,8,8,1,0.006788372527807951,2925,C1,Cagnes
12/01/24_Deauville_C7,12/01/24,galop,5,5,1,0.30534255504608154,1900,C7,Deauville
13/01/24_Vincennes_C4,13/01/24,trot,15,15,1,0.37424948811531067,2850,C4,Vincennes
14/01/24_Vincennes_C4,14/01/24,trot,10,10,1,0.5674086213111877,2850,C4,Vincennes
15/01/24_Cagnes_C2,15/01/24,galop,8,8,1,0.01211864035576582,1600,C2,Cagnes
16/01/24_Vincennes_C1,16/01/24,trot,12,12,1,0.014695857651531696,2700,C1,Vincennes
17/01/24_Cagnes_C3,17/01/24,galop,9,9,1,0.0038884675595909357,1600,C3,Cagnes
18/01/24_Vincennes_C1,18/01/24,trot,15,15,1,0.0022875452414155006,2100,C1,Vincennes
19/01/24_Deauville_C7,19/01/24,galop,16,16,1,0.0103539964184165,1400,C7,Deauville
20/01/24_Vincennes_C4,20/01/24,trot,12,12,1,0.4246238172054291,2850,C4,Vincennes
21/01/24_Vincennes_C4,21/01/24,trot,12,12,1,0.0103539964184165,2700,C4,Vincennes
22/01/24_Pau_C2,22/01/24,galop,5,5,1,0.006874910090118647,3800,C2,Pau
23/01/24_Cagnes_C3,23/01/24,galop,11,11,1,0.0019339434802532196,2150,C3,Cagnes
24/01/24_Cagnes_C1,24/01/24,trot,10,10,1,0.005834735929965973,2925,C1,Cagnes
25/01/24_Vincennes_C1,25/01/24,trot,12,12,1,0.6911812424659729,2850,C1,Vincennes
26/01/24_Deauville_C7,26/01/24,galop,16,16,1,0.004974802955985069,2500,C7,Deauville
27/01/24_Vincennes_C4,27/01/24,trot,16,16,1,0.01123429648578167,2100,C4,Vincennes
28/01/24_Vincennes_C7,28/01/24,trot,12,12,1,0.7733586430549622,2700,C7,Vincennes
29/01/24_Cagnes_C2,29/01/24,galop,4,4,1,0.9589606523513794,2150,C2,Cagnes
30/01/24_Vincennes_C1,30/01/24,trot,7,7,1,0.010004786774516106,2850,C1,Vincennes
31/01/24_Pau_C3,31/01/24,galop,8,8,1,0.010531600564718246,1600,C3,Pau
01/02/24_Vincennes_C1,01/02/24,trot,11,11,1,0.00364573928527534,2850,C1,Vincennes
02/02/24_Vincennes_C7,02/02/24,trot,12,12,1,0.4837661683559418,2850,C7,Vincennes
03/02/24_Deauville_C3,03/02/24,galop,5,5,1,0.03316938504576683,1900,C3,Deauville
04/02/24_Vincennes_C4,04/02/24,trot,7,7,1,0.8171016573905945,2700,C4,Vincennes
05/02/24_Cagnes_C2,05/02/24,galop,5,5,1,0.018817543983459473,1500,C2,Cagnes
06/02/24_Vincennes_C2,06/02/24,trot,13,13,1,0.367862343788147,1500,C2,Vincennes
07/02/24_Cagnes_C3,07/02/24,galop,3,3,1,0.0030789112206548452,1500,C3,Cagnes
08/02/24_Vincennes_C1,08/02/24,trot,14,14,1,0.020449375733733177,2100,C1,Vincennes
09/02/24_Vincennes_C8,09/02/24,trot,6,6,1,0.09247315675020218,2700,C8,Vincennes
10/02/24_Vincennes_C4,10/02/24,trot,3,3,1,0.0005447488510981202,2100,C4,Vincennes
11/02/24_Vincennes_C3,11/02/24,trot,7,7,1,0.9484573006629944,2100,C3,Vincennes
12/02/24_Cagnes_C2,12/02/24,galop,16,16,1,0.638020932674408,2000,C2,Cagnes
13/02/24_Vincennes_C1,13/02/24,trot,2,2,1,0.024686338379979134,2100,C1,Vincennes
14/02/24_Vincennes_C1,14/02/24,trot,11,11,1,0.34821802377700806,2700,C1,Vincennes
15/02/24_Vincennes_C1,15/02/24,trot,10,10,1,0.7733586430549622,2950,C1,Vincennes
16/02/24_Vincennes_C8,16/02/24,trot,11,11,1,0.0025601317174732685,2700,C8,Vincennes
17/02/24_Cagnes_C4,17/02/24,galop,7,7,1,0.19252954423427582,2000,C4,Cagnes
18/02/24_Vincennes_C4,18/02/24,trot,2,2,1,0.7082740664482117,2700,C4,Vincennes
19/02/24_Vincennes_C1,19/02/24,trot,7,7,1,0.7650724053382874,2850,C1,Vincennes
20/02/24_Vincennes_C1,20/02/24,trot,16,16,1,0.4837661683559418,2850,C1,Vincennes
21/02/24_Cagnes_C3,21/02/24,galop,4,4,1,0.010531600564718246,2500,C3,Cagnes
22/02/24_Vincennes_C1,22/02/24,trot,14,14,1,0.7733586430549622,2850,C1,Vincennes
23/02/24_Vincennes_C8,23/02/24,trot,13,13,1,0.47633272409439087,2850,C8,Vincennes
24/02/24_Auteuil_C4,24/02/24,galop,7,7,1,0.9652082920074463,3600,C4,Auteuil
25/02/24_Vincennes_C3,25/02/24,trot,8,8,1,0.523533046245575,4150,C3,Vincennes
26/02/24_Cagnes_C2,26/02/24,galop,1,1,1,0.9764012694358826,1500,C2,Cagnes
27/02/24_Marseille_C1,27/02/24,galop,1,1,1,0.13890047371387482,2000,C1,Marseille
28/02/24_Vincennes_C1,28/02/24,trot,15,15,1,0.0022875452414155006,2700,C1,Vincennes
29/02/24_Vincennes_C1,29/02/24,trot,7,7,1,0.9091795682907104,2925,C1,Vincennes
01/03/24_Vincennes_C8,01/03/24,trot,7,7,1,0.019031710922718048,2850,C8,Vincennes
02/03/24_Vincennes_C4,02/03/24,trot,6,6,1,0.9250745177268982,2700,C4,Vincennes
03/03/24_Auteuil_C3,03/03/24,galop,1,1,1,0.9034186601638794,3600,C3,Auteuil
04/03/24_Caen_C1,04/03/24,trot,2,2,1,0.005734369158744812,2450,C1,Caen
05/03/24_Chantilly_C1,05/03/24,galop,3,3,1,0.9594379663467407,1600,C1,Chantilly
06/03/24_Amiens_C1,06/03/24,trot,3,3,1,0.00102808210067451,2900,C1,Amiens
07/03/24_SaintCloud_C1,07/03/24,galop,9,9,1,0.34821802377700806,2000,C1,SaintCloud
08/03/24_Enghien_C8,08/03/24,trot,4,4,1,0.9376508593559265,2150,C8,Enghien
09/03/24_Auteuil_C6,09/03/24,galop,10,10,1,0.004916245583444834,3500,C6,Auteuil
10/03/24_Cagnes_C4,10/03/24,trot,1,1,1,0.014889288693666458,1609,C4,Cagnes
11/03/24_Caen_C4,11/03/24,trot,1,1,1,0.9458332061767578,2450,C4,Caen
12/03/24_SaintCloud_C1,12/03/24,galop,15,15,1,0.0022875452414155006,1400,C1,SaintCloud
13/03/24_Laval_C1,13/03/24,trot,7,7,1,0.9652082920074463,2850,C1,Laval
14/03/24_Chantilly_C1,14/03/24,galop,1,1,1,0.0015534511767327785,1900,C1,Chantilly
15/03/24_Enghien_C8,15/03/24,trot,6,6,1,0.7362207770347595,2150,C8,Enghien
16/03/24_Chantilly_C4,16/03/24,galop,10,10,1,0.008052162826061249,2400,C4,Chantilly
17/03/24_Auteuil_C4,17/03/24,galop,2,2,1,0.010152339935302734,2400,C4,Auteuil
18/03/24_Chantilly_C1,18/03/24,galop,12,12,1,0.7091233730316162,1400,C1,Chantilly
19/03/24_Compiegne_C1,19/03/24,galop,12,12,1,0.7091233730316162,1800,C1,Compiegne
20/03/24_Lisieux_C1,20/03/24,trot,6,6,1,0.7082740664482117,2725,C1,Lisieux
21/03/24_SaintCloud_C1,21/03/24,galop,14,14,1,0.010476642288267612,2100,C1,SaintCloud
22/03/24_Vincennes_C8,22/03/24,trot,3,3,1,0.0004958605277352035,2850,C8,Vincennes
23/03/24_Vincennes_C4,23/03/24,trot,16,16,1,0.6911812424659729,2850,C4,Vincennes
24/03/24_Auteuil_C3,24/03/24,galop,14,14,1,0.7733586430549622,3600,C3,Auteuil
25/03/24_Fontainebleau_C1,25/03/24,galop,10,10,1,0.7733586430549622,1200,C1,Fontainebleau
26/03/24_SaintCloud_C1,26/03/24,galop,5,5,1,0.002268334152176976,3000,C1,SaintCloud
27/03/24_Marseille_C1,27/03/24,trot,11,11,1,0.0053856149315834045,3000,C1,Marseille
28/03/24_Chantilly_C1,28/03/24,galop,3,3,1,0.000910614209715277,1900,C1,Chantilly
29/03/24_Vincennes_C7,29/03/24,trot,6,6,1,0.0029411299619823694,2700,C7,Vincennes
30/03/24_Chantilly_C5,30/03/24,galop,1,1,1,0.8403013944625854,1600,C5,Chantilly
31/03/24_Auteuil_C4,31/03/24,galop,8,8,1,0.9557524919509888,4400,C4,Auteuil
01/04/24_SaintBrieux_C3,01/04/24,galop,1,1,1,0.9764012694358826,2000,C3,SaintBrieux
02/04/24_Fontainebleau_C1,02/04/24,galop,9,9,1,0.0029383376240730286,1400,C1,Fontainebleau
03/04/24_Angers_C1,03/04/24,trot,6,6,1,0.34494125843048096,3100,C1,Angers
04/04/24_Chantilly_C1,04/04/24,galop,15,15,1,0.0016439572209492326,2400,C1,Chantilly
05/04/24_Vincennes_C8,05/04/24,trot,8,8,1,0.1953277736902237,2700,C8,Vincennes
06/04/24_Vincennes_C4,06/04/24,trot,7,7,1,0.0018186389934271574,2700,C4,Vincennes
07/04/24_Longchamps_C3,07/04/24,galop,17,17,1,0.001987498952075839,1400,C3,Longchamps
08/04/24_Compiegne_C1,08/04/24,galop,6,6,1,0.8709704279899597,3800,C1,Compiegne
09/04/24_Deauville_C1,09/04/24,galop,4,4,1,0.9454215168952942,1900,C1,Deauville
10/04/24_Lyon_C1,10/04/24,trot,8,8,1,0.011735101230442524,3250,C1,Lyon
11/04/24_Auteuil_C1,11/04/24,galop,9,9,1,0.0029383376240730286,3900,C1,Auteuil
12/04/24_Vincennes_C8,12/04/24,trot,8,8,1,0.8016079664230347,2850,C8,Vincennes
13/04/24_Vincennes_C5,13/04/24,trot,10,10,1,0.0045152697712183,2700,C5,Vincennes
14/04/24_Longchamp_C3,14/04/24,galop,2,2,1,0.8280501961708069,1600,C3,Longchamp
15/04/24_Chantilly_C1,15/04/24,galop,12,12,1,0.7091233730316162,1200,C1,Chantilly
16/04/24_Auteuil_C1,16/04/24,galop,11,11,1,0.0016439572209492326,3900,C1,Auteuil
17/04/24_Reims_C4,17/04/24,trot,15,15,1,0.27580931782722473,2550,C4,Reims
18/04/24_Longchamp_C1,18/04/24,galop,15,15,1,0.0029383376240730286,1300,C1,Longchamp
19/04/24_Vincennes_C8,19/04/24,trot,6,6,1,0.9454215168952942,2100,C8,Vincennes
20/04/24_Enghien_C4,20/04/24,trot,13,13,1,0.0038884675595909357,2150,C4,Enghien
21/04/24_Auteuil_C4,21/04/24,galop,12,12,1,0.0045152697712183,4700,C4,Auteuil
22/04/24_Bordeaux_C2,22/04/24,galop,12,12,1,0.008147763088345528,1900,C2,Bordeaux
23/04/24_Compiegne_C1,23/04/24,galop,1,1,1,0.00888432003557682,3600,C1,Compiegne
24/04/24_Cordemais_C1,24/04/24,trot,5,5,1,0.20409022271633148,2800,C1,Cordemais
25/04/24_Longchamp_C8,25/04/24,galop,14,14,1,0.7733586430549622,2150,C8,Longchamp
26/04/24_Vincennes_C8,26/04/24,trot,11,11,1,0.469510555267334,2850,C8,Vincennes
27/04/24_Auteuil_C1,27/04/24,galop,1,1,1,0.9652082920074463,4300,C1,Auteuil
28/04/24_Longchamps_C4,28/04/24,galop,4,4,1,0.006269664969295263,1400,C4,Longchamps
29/04/24_Chantilly_C1,29/04/24,galop,1,1,1,0.011159209534525871,2000,C1,Chantilly
30/04/24_Fontainebleau_C1,30/04/24,galop,3,3,1,0.1293090134859085,3000,C1,Fontainebleau
01/05/24_SaintCloud_C3,01/05/24,galop,5,5,1,0.001116309780627489,1600,C3,SaintCloud
02/05/24_Chantilly_C8,02/05/24,galop,10,10,1,0.0045152697712183,1600,C8,Chantilly
03/05/24_Vincennes_C4,03/05/24,trot,16,16,1,0.5674086213111877,2100,C4,Vincennes
04/05/24_Vincennes_C4,04/05/24,trot,6,6,1,0.02937128022313118,2850,C4,Vincennes
05/05/24_Longchamps_C4,05/05/24,galop,10,10,1,0.711571455001831,2100,C4,Longchamps
06/05/24_Vichy_C5,06/05/24,trot,7,7,1,0.00047187780728563666,2950,C5,Vichy
07/05/24_Chantilly_C1,07/05/24,galop,6,6,1,0.966120183467865,1200,C1,Chantilly
08/05/24_Lyon_C3,08/05/24,galop,3,3,1,0.0007452480494976044,2400,C3,Lyon
09/05/24_Longchamps_C7,09/05/24,galop,10,10,1,0.006867676042020321,1300,C7,Longchamps
10/05/24_Vincennes_C4,10/05/24,trot,4,4,1,0.0020755997393280268,2850,C4,Vincennes
11/05/24_Caen_C4,11/05/24,trot,9,9,1,0.0029383376240730286,2450,C4,Caen
12/05/24_Longchamps_C4,12/05/24,galop,13,13,1,0.0053856149315834045,2000,C4,Longchamps
13/05/24_Vichy_C4,13/05/24,trot,4,4,1,0.34494125843048096,2950,C4,Vichy
14/05/24_SaintCloud_C1,14/05/24,galop,15,15,1,0.0029383376240730286,1600,C1,SaintCloud
15/05/24_Vincennes_C1,15/05/24,trot,10,10,1,0.014869151636958122,2850,C1,Vincennes
16/05/24_Longchamps_C7,16/05/24,galop,9,9,1,0.001177939702756703,2400,C7,Longchamps
17/05/24_Vincennes_C4,17/05/24,trot,3,3,1,0.029798291623592377,2100,C4,Vincennes
18/05/24_Auteuil_C4,18/05/24,galop,13,13,1,0.47633272409439087,5100,C4,Auteuil
19/05/24_Auteuil_C5,19/05/24,galop,5,5,1,0.0007452480494976044,6000,C5,Auteuil
20/05/24_SaintCloud_C3,20/05/24,galop,8,8,1,0.059659603983163834,1400,C3,SaintCloud
21/05/24_Angers_C4,21/05/24,galop,3,3,1,0.014889288693666458,2300,C4,Angers
22/05/24_CroiseLaroche_C1,22/05/24,trot,11,11,1,0.34821802377700806,2825,C1,CroiseLaroche
23/05/24_Longchamps_C7,23/05/24,galop,12,12,1,0.4246238172054291,2100,C7,Longchamps
24/05/24_Vincennes_C4,24/05/24,trot,9,9,1,0.47633272409439087,2850,C4,Vincennes
25/05/24_Enghien_C5,25/05/24,trot,13,13,1,0.0012105850037187338,2150,C5,Enghien
26/05/24_Longchamps_C4,26/05/24,galop,1,1,1,0.0053774574771523476,1600,C4,Longchamps
27/05/24_Marseille_C4,27/05/24,galop,10,10,1,0.013265770860016346,2000,C4,Marseille
28/05/24_Auteuil_C1,28/05/24,galop,2,2,1,0.9454215168952942,3600,C1,Auteuil
29/05/24_strasbourg_C4,29/05/24,galop,9,9,1,0.00364573928527534,3000,C4,strasbourg
30/05/24_Longchamp_C6,30/05/24,galop,14,14,1,0.4246238172054291,1850,C6,Longchamp
31/05/24_Vincennes_C4,31/05/24,trot,9,9,1,0.001177939702756703,2850,C4,Vincennes
01/06/24_Auteuil_C6,01/06/24,galop,8,8,1,0.010383673012256622,3500,C6,Auteuil
02/06/24_Chantilly_C5,02/06/24,galop,6,6,1,0.7637816071510315,2100,C5,Chantilly
03/06/24_Vichy_C4,03/06/24,trot,2,2,1,0.979400098323822,3525,C4,Vichy
04/06/24_SaintCloud_C1,04/06/24,galop,7,7,1,0.20409022271633148,1600,C1,SaintCloud
05/06/24_Laval_C1,05/06/24,trot,5,5,1,0.047682080417871475,2850,C1,Laval
06/06/24_Longchamp_C6,06/06/24,galop,15,15,1,0.0034749414771795273,1300,C6,Longchamp
07/06/24_Vincennes_C4,07/06/24,trot,5,5,1,0.034680578857660294,2850,C4,Vincennes
08/06/24_Vincennes_C4,08/06/24,trot,3,3,1,0.00048496483941562474,2175,C4,Vincennes
09/06/24_Longchamp_C4,09/06/24,galop,8,8,1,0.9721054434776306,2000,C4,Longchamp
10/06/24_Caen_C1,10/06/24,trot,9,9,1,0.44828757643699646,2450,C1,Caen
11/06/24_SaintCloud_C1,11/06/24,galop,6,6,1,0.013292405754327774,1500,C1,SaintCloud
12/06/24_Compiegne_C1,12/06/24,galop,6,6,1,0.00587191479280591,1400,C1,Compiegne
13/06/24_Longchamps_C6,13/06/24,galop,14,14,1,0.008052162826061249,2400,C6,Longchamps
14/06/24_Vincennes_C4,14/06/24,trot,6,6,1,0.889381468296051,2100,C4,Vincennes
15/06/24_Enghien_C4,15/06/24,trot,7,7,1,0.02655795030295849,2150,C4,Enghien
16/06/24_Chantilly_C5,16/06/24,galop,4,4,1,0.005678194109350443,2100,C5,Chantilly
17/06/24_SaintCloud_C1,17/06/24,galop,16,16,1,0.004916245583444834,2000,C1,SaintCloud
18/06/24_Nantes_C5,18/06/24,galop,16,16,1,0.0103539964184165,1600,C5,Nantes
19/06/24_Bordeaux_C2,19/06/24,trot,13,13,1,0.37424948811531067,2650,C2,Bordeaux
20/06/24_Longchamps_C7,20/06/24,galop,8,8,1,0.3795282542705536,2200,C7,Longchamps
21/06/24_Vincennes_C4,21/06/24,trot,15,15,1,0.0019339434802532196,2700,C4,Vincennes
22/06/24_Compiegne_C4,22/06/24,galop,13,13,1,0.0029383376240730286,2800,C4,Compiegne
23/06/24_Vincennes_C4,23/06/24,trot,10,10,1,0.4837661683559418,2850,C4,Vincennes
24/06/24_Lyon_C1,24/06/24,galop,9,9,1,0.0019339434802532196,2000,C1,Lyon
25/06/24_Auteuil_C5,25/06/24,galop,2,2,1,0.7082740664482117,3600,C5,Auteuil
26/06/24_Vichy_C4,26/06/24,trot,11,11,1,0.0053856149315834045,2150,C4,Vichy
27/06/24_LaTeste_C8,27/06/24,galop,13,13,1,0.001987498952075839,1800,C8,LaTeste
28/06/24_Vincennes_C4,28/06/24,trot,1,1,1,0.9536306262016296,2100,C4,Vincennes
29/06/24_Enghien_C4,29/06/24,trot,3,3,1,0.03318452090024948,2150,C4,Enghien
30/06/24_SaintCloud_C3,30/06/24,galop,1,1,1,0.8522900938987732,1400,C3,SaintCloud
01/07/24_Clairefontaine_C4,01/07/24,galop,6,6,1,0.010531600564718246,3900,C4,Clairefontaine
02/07/24_Vichy_C7,02/07/24,trot,6,6,1,0.004659942351281643,2950,C7,Vichy
03/07/24_Enghien_C7,03/07/24,trot,16,16,1,0.5882580280303955,2875,C7,Enghien
04/07/24_Longchamps_C7,04/07/24,galop,2,2,1,0.5854923725128174,1600,C7,Longchamps
05/07/24_Cabourg_C4,05/07/24,trot,11,11,1,0.2703762948513031,2750,C4,Cabourg
06/07/24_Enghien_C4,06/07/24,trot,7,7,1,0.0008798689814284444,2875,C4,Enghien
07/07/24_Deauville_C3,07/07/24,galop,5,5,1,0.010004786774516106,1200,C3,Deauville
08/07/24_SabledOlone_C7,08/07/24,trot,5,5,1,0.9653487205505371,2775,C7,SabledOlone
09/07/24_Compiegne_C8,09/07/24,galop,2,2,1,0.9879746437072754,2400,C8,Compiegne
10/07/24_Enghien_C7,10/07/24,trot,3,3,1,0.8315643072128296,2150,C7,Enghien
11/07/24_Pornichet_C4,11/07/24,trot,12,12,1,0.5081051588058472,2725,C4,Pornichet
12/07/24_Cabourg_C4,12/07/24,trot,9,9,1,0.44828757643699646,2750,C4,Cabourg
13/07/24_Enghien_C4,13/07/24,trot,12,12,1,0.5051310062408447,2875,C4,Enghien
14/07/24_Chantilly_C3,14/07/24,galop,2,2,1,0.02190300077199936,1800,C3,Chantilly
15/07/24_Argentant_C7,15/07/24,trot,15,15,1,0.37424948811531067,2875,C7,Argentant
16/07/24_Vichy_C4,16/07/24,galop,8,8,1,0.005835861898958683,1400,C4,Vichy
17/07/24_Vichy_C4,17/07/24,galop,11,11,1,0.0053856149315834045,2400,C4,Vichy
18/07/24_Vichy_C7,18/07/24,galop,11,11,1,0.27580931782722473,2800,C7,Vichy
19/07/24_Cabourg_C4,19/07/24,trot,12,12,1,0.711571455001831,2750,C4,Cabourg
20/07/24_Enghien_C4,20/07/24,trot,9,9,1,0.0019339434802532196,2150,C4,Enghien
21/07/24_LaTeste_C3,21/07/24,galop,12,12,1,0.01123429648578167,2000,C3,LaTeste
22/07/24_Compiegne_C7,22/07/24,galop,13,13,1,0.0029383376240730286,1600,C7,Compiegne
23/07/24_Dieppe_C7,23/07/24,galop,14,14,1,0.014695857651531696,2200,C7,Dieppe
24/07/24_Enghien_C7,24/07/24,trot,11,11,1,0.47633272409439087,2875,C7,Enghien
25/07/24_Clairefontaine_C7,25/07/24,galop,12,12,1,0.004916245583444834,3600,C7,Clairefontaine
26/07/24_Cabourg_C4,26/07/24,trot,13,13,1,0.367862343788147,2750,C4,Cabourg
27/07/24_Enghien_C4,27/07/24,trot,9,9,1,0.0053856149315834045,2875,C4,Enghien
28/07/24_Deauville_C3,28/07/24,galop,4,4,1,0.002870553871616721,1900,C3,Deauville
29/07/24_Dieppe_C7,29/07/24,galop,10,10,1,0.758026659488678,1800,C7,Dieppe
30/07/24_Deauville_C7,30/07/24,galop,6,6,1,0.0036757050547748804,1400,C7,Deauville
31/07/24_Enghien_C7,31/07/24,trot,7,7,1,0.8545309901237488,2875,C7,Enghien
01/08/24_Deauville_C6,01/08/24,galop,5,5,1,0.0005274112918414176,2500,C6,Deauville
02/08/24_Cabourg_C4,02/08/24,trot,12,12,1,0.5081051588058472,2750,C4,Cabourg
03/08/24_Deauville_C3,03/08/24,galop,2,2,1,0.0029246911872178316,1300,C3,Deauville
04/08/24_Deauville_C3,04/08/24,galop,15,15,1,0.0025601317174732685,1600,C3,Deauville
05/08/24_Clairefontaine_C4,05/08/24,galop,2,2,1,0.023007771000266075,3600,C4,Clairefontaine
06/08/24_Deauville_C7,06/08/24,galop,13,13,1,0.0024911845102906227,1600,C7,Deauville
07/08/24_SaintMalo_C4,07/08/24,trot,13,13,1,0.18280074000358582,2950,C4,SaintMalo
08/08/24_Enghien_C7,08/08/24,trot,9,9,1,0.2538473606109619,2150,C7,Enghien
09/08/24_Cabourg_C4,09/08/24,trot,9,9,1,0.0022875452414155006,2750,C4,Cabourg
10/08/24_Deauville_C4,10/08/24,galop,2,2,1,0.9555037021636963,2000,C4,Deauville
11/08/24_Deauville_C4,11/08/24,galop,1,1,1,0.012479118071496487,2000,C4,Deauville
12/08/24_Deauville_C7,12/08/24,galop,9,9,1,0.001987498952075839,2400,C7,Deauville
13/08/24_Deauville_C7,13/08/24,galop,16,16,1,0.4246238172054291,1500,C7,Deauville
14/08/24_Enghien_C7,14/08/24,trot,12,12,1,0.014869151636958122,2150,C7,Enghien
15/08/24_Deauville_C3,15/08/24,galop,13,13,1,0.0038884675595909357,1200,C3,Deauville
16/08/24_Cabourg_C4,16/08/24,trot,13,13,1,0.001177939702756703,2050,C4,Cabourg
17/08/24_Deauville_C3,17/08/24,galop,5,5,1,0.9652082920074463,1900,C3,Deauville
18/08/24_Deauville_C3,18/08/24,galop,13,13,1,0.2002657800912857,1900,C3,Deauville
19/08/24_Clairefontaine_C7,19/08/24,galop,7,7,1,0.9490061402320862,4500,C7,Clairefontaine
20/08/24_Deauville_C7,20/08/24,galop,3,3,1,0.004699342418462038,3200,C7,Deauville
21/08/24_Vincennes_C7,21/08/24,trot,12,12,1,0.4837661683559418,2700,C7,Vincennes
22/08/24_Deauville_C8,22/08/24,galop,6,6,1,0.8870012760162354,1400,C8,Deauville
23/08/24_Cabourg_C4,23/08/24,trot,11,11,1,0.37424948811531067,2750,C4,Cabourg
24/08/24_Clairefontaine_C3,24/08/24,galop,7,7,1,0.8606302738189697,2400,C3,Clairefontaine
25/08/24_Deauville_C3,25/08/24,galop,4,4,1,0.0020746004302054644,1500,C3,Deauville
26/08/24_Vincennes_C7,26/08/24,trot,15,15,1,0.37424948811531067,2850,C7,Vincennes
27/08/24_Dieppe_C7,27/08/24,galop,1,1,1,0.03316938504576683,1100,C7,Dieppe
28/08/24_Compiegne_C7,28/08/24,galop,7,7,1,0.015592275187373161,2000,C7,Compiegne
29/08/24_Longchamps_C7,29/08/24,galop,16,16,1,0.014869151636958122,1600,C7,Longchamps
30/08/24_Vincennes_C4,30/08/24,trot,1,1,1,0.9652082920074463,2700,C4,Vincennes
31/08/24_Vincennes_C4,31/08/24,trot,16,16,1,0.7733586430549622,2700,C4,Vincennes
01/09/24_Longchamps_C3,01/09/24,galop,14,14,1,0.0045152697712183,2400,C3,Longchamps
02/09/24_Craon_C1,02/09/24,trot,7,7,1,0.0007465094095095992,2775,C1,Craon
03/09/24_Chantilly_C1,03/09/24,galop,6,6,1,0.02410304546356201,1600,C1,Chantilly
04/09/24_LaCapelle_C1,04/09/24,trot,3,3,1,0.9628561735153198,1800,C1,LaCapelle
05/09/24_Longchamps_C5,05/09/24,galop,3,3,1,0.014900014735758305,1400,C5,Longchamps
06/09/24_Vincennes_C4,06/09/24,trot,11,11,1,0.0019339434802532196,2850,C4,Vincennes
07/09/24_Beaumont_C4,07/09/24,trot,1,1,1,0.8171016573905945,2700,C4,Beaumont
08/09/24_Longchamps_C4,08/09/24,galop,5,5,1,0.012030576355755329,1850,C4,Longchamps
09/09/24_Vincennes_C4,09/09/24,trot,6,6,1,0.8016079664230347,2550,C4,Vincennes
10/09/24_Auteuil_C1,10/09/24,galop,8,8,1,0.012570423074066639,3600,C1,Auteuil
11/09/24_Le_Mans_C1,11/09/24,trot,9,9,1,0.2538473606109619,2950,C1,Le_Mans
12/09/24_Longchamps_C1,12/09/24,galop,5,5,1,0.004202898126095533,2400,C1,Longchamps
13/09/24_Vincennes_C4,13/09/24,trot,9,9,1,0.27580931782722473,2100,C4,Vincennes
14/09/24_Vincennes_C4,14/09/24,trot,14,14,1,0.014695857651531696,3000,C4,Vincennes
15/09/24_Longchamps_C4,15/09/24,galop,3,3,1,0.9652082920074463,2000,C4,Longchamps
16/09/24_Chantilly_C1,16/09/24,galop,1,1,1,0.012030576355755329,1200,C1,Chantilly
17/09/24_Compiegne_C1,17/09/24,galop,10,10,1,0.010476642288267612,1400,C1,Compiegne
18/09/24_Lyon_C1,18/09/24,trot,14,14,1,0.5081051588058472,2850,C1,Lyon
19/09/24_Vincennes_C1,19/09/24,trot,4,4,1,0.979400098323822,2700,C1,Vincennes
20/09/24_Vincennes_C4,20/09/24,trot,13,13,1,0.2703762948513031,2700,C4,Vincennes
21/09/24_Chantilly_C3,21/09/24,galop,16,16,1,0.008052162826061249,1800,C3,Chantilly
22/09/24_Vincennes_C4,22/09/24,trot,2,2,1,0.00582798570394516,2700,C4,Vincennes
23/09/24_Auteuil_C4,23/09/24,galop,6,6,1,0.42420998215675354,2750,C4,Auteuil
24/09/24_Vincennes_C1,24/09/24,trot,11,11,1,0.2002657800912857,3600,C1,Vincennes
25/09/24_Cherbourg_C1,25/09/24,trot,6,6,1,0.8565237522125244,2600,C1,Cherbourg
26/09/24_Chantilly_C2,26/09/24,galop,6,6,1,0.033212076872587204,3000,C2,Chantilly
27/09/24_Vincennes_C4,27/09/24,trot,7,7,1,0.9765050411224365,2850,C4,Vincennes
28/09/24_Auteuil_C3,28/09/24,galop,2,2,1,0.02808471955358982,3900,C3,Auteuil
29/09/24_Vincennes_C4,29/09/24,trot,13,13,1,0.367862343788147,2700,C4,Vincennes
30/09/24_Enghien_C1,30/09/24,trot,8,8,1,0.9727960228919983,2875,C1,Enghien
01/10/24_Chantilly_C1,01/10/24,galop,9,9,1,0.003547659609466791,1900,C1,Chantilly
02/10/24_MeslayduMaine_C1,02/10/24,trot,7,7,1,0.02539139799773693,2875,C1,MeslayduMaine
03/10/24_Compiegne_C1,03/10/24,galop,5,5,1,0.012320737354457378,3600,C1,Compiegne
04/10/24_Vincennes_C4,04/10/24,trot,5,5,1,0.2521522045135498,2700,C4,Vincennes
05/10/24_Longchamps_C4,05/10/24,galop,13,13,1,0.0010815338464453816,1600,C4,Longchamps
06/10/24_Longchamps_C5,06/10/24,galop,7,7,1,0.0017862397944554687,2400,C5,Longchamps
07/10/24_Enghien_C1,07/10/24,trot,8,8,1,0.5178934931755066,2875,C1,Enghien
08/10/24_Auteuil_C1,08/10/24,galop,16,16,1,0.004916245583444834,3600,C1,Auteuil
09/10/24_Enghien_C1,09/10/24,trot,4,4,1,0.004537244793027639,2875,C1,Enghien
10/10/24_SaintCloud_C1,10/10/24,galop,9,9,1,0.0029383376240730286,1600,C1,SaintCloud
11/10/24_Vincennes_C4,11/10/24,trot,2,2,1,0.9695852398872375,2100,C4,Vincennes
12/10/24_Caen_C4,12/10/24,trot,1,1,1,0.8978022336959839,2450,C4,Caen
13/10/24_Auteuil_C3,13/10/24,galop,1,1,1,0.9312310814857483,3700,C3,Auteuil
14/10/24_SaintCloud_C1,14/10/24,galop,13,13,1,0.005534225143492222,1600,C1,SaintCloud
15/10/24_Chantilly_C2,15/10/24,galop,9,9,1,0.34821802377700806,1900,C2,Chantilly
16/10/24_SaintGalmier_C1,16/10/24,trot,10,10,1,0.5081051588058472,2625,C1,SaintGalmier
17/10/24_Chantilly_C1,17/10/24,galop,10,10,1,0.008052162826061249,1200,C1,Chantilly
18/10/24_Vincennes_C4,18/10/24,trot,9,9,1,0.34821802377700806,2850,C4,Vincennes
19/10/24_Auteuil_C3,19/10/24,galop,1,1,1,0.03316938504576683,3900,C3,Auteuil
20/10/24_Longchamps_C4,20/10/24,galop,13,13,1,0.003547659609466791,3100,C4,Longchamps
21/10/24_Deauville_C1,21/10/24,galop,3,3,1,0.9653487205505371,1900,C1,Deauville
22/10/24_Clairefontaine_C1,22/10/24,galop,5,5,1,0.0006783782155252993,2400,C1,Clairefontaine
23/10/24_AGEN_C1,23/10/24,trot,3,3,1,0.0027141296304762363,2625,C1,AGEN
24/10/24_Auteuil_C1,24/10/24,galop,14,14,1,0.01123429648578167,4700,C1,Auteuil
25/10/24_Vincennes_C1,25/10/24,trot,14,14,1,0.638020932674408,2700,C1,Vincennes
26/10/24_Chantilly_C4,26/10/24,galop,14,14,1,0.0103539964184165,2200,C4,Chantilly
27/10/24_SaintCloud_C6,27/10/24,galop,1,1,1,0.00043145110248588026,2500,C6,SaintCloud
28/10/24_Chantilly_C5,28/10/24,galop,10,10,1,0.020449375733733177,1400,C5,Chantilly
29/10/24_Chantilly_C3,29/10/24,galop,10,10,1,0.004916245583444834,1600,C3,Chantilly
30/10/24_Auteuil_C3,30/10/24,galop,16,16,1,0.014432564377784729,3600,C3,Auteuil
31/10/24_Vincennes_C1,31/10/24,trot,5,5,1,0.11440552026033401,2700,C1,Vincennes
01/11/24_Laval_C4,01/11/24,trot,12,12,1,0.4837661683559418,2850,C4,Laval
02/11/24_Compiegne_C6,02/11/24,galop,11,11,1,0.0018399942200630903,3600,C6,Compiegne
03/11/24_Deauville_C3,03/11/24,galop,7,7,1,0.05477001518011093,1900,C3,Deauville
04/11/24_Fontainebleau_C3,04/11/24,galop,16,16,1,0.006867676042020321,1200,C3,Fontainebleau
05/11/24_Vincennes_C1,05/11/24,trot,13,13,1,0.44828757643699646,2100,C1,Vincennes
06/11/24_Nantes_C2,06/11/24,trot,16,16,1,0.003559299511834979,3000,C2,Nantes
08/11/24_Vincennes_C5,08/11/24,trot,16,16,1,0.6911812424659729,2700,C5,Vincennes
09/11/24_Vincennes_C5,09/11/24,trot,6,6,1,0.9721054434776306,2100,C5,Vincennes
10/11/24_SaintCloud_C5,10/11/24,galop,2,2,1,0.889381468296051,1600,C5,SaintCloud
11/11/24_Toulouse_C3,11/11/24,galop,5,5,1,0.029798291623592377,2400,C3,Toulouse
12/11/24_Chantilly_C4,12/11/24,galop,1,1,1,0.0076767681166529655,1900,C4,Chantilly
13/11/24_Mauquenchy_C4,13/11/24,trot,5,5,1,0.9563679099082947,2150,C4,Mauquenchy
14/11/24_Fontainebleau_C5,14/11/24,galop,16,16,1,0.014432564377784729,2000,C5,Fontainebleau
15/11/24_Vincennes_C4,15/11/24,trot,9,9,1,0.0029383376240730286,2100,C4,Vincennes
16/11/24_Auteuil_C6,16/11/24,galop,5,5,1,0.9354516267776489,4300,C6,Auteuil
17/11/24_Vincennes_C4,17/11/24,trot,10,10,1,0.008052162826061249,2700,C4,Vincennes
18/11/24_Vincennes_C1,18/11/24,trot,11,11,1,0.005534225143492222,2700,C1,Vincennes
19/11/24_Chantilly_C5,19/11/24,galop,1,1,1,0.012479118071496487,1600,C5,Chantilly
20/11/24_Toulouse_C1,20/11/24,trot,6,6,1,0.9727960228919983,2950,C1,Toulouse
21/11/24_Vincennes_C1,21/11/24,trot,8,8,1,0.862650454044342,2850,C1,Vincennes
22/11/24_Vincennes_C4,22/11/24,trot,2,2,1,0.3976995646953583,2700,C4,Vincennes
23/11/24_Vincennes_C4,23/11/24,trot,7,7,1,0.0009987454395741224,2700,C4,Vincennes
24/11/24_Auteuil_C6,24/11/24,galop,14,14,1,0.010668548755347729,3900,C6,Auteuil
25/11/24_Vincennes_C1,25/11/24,trot,12,12,1,0.638020932674408,2700,C1,Vincennes
26/11/24_Deauville_C2,26/11/24,galop,1,1,1,0.012096436694264412,2500,C2,Deauville
27/11/24_Deauville_C2,27/11/24,galop,16,16,1,0.0045152697712183,1300,C2,Deauville
28/11/24_Vincennes_C1,28/11/24,trot,7,7,1,0.19252954423427582,2100,C1,Vincennes
29/11/24_Vincennes_C4,29/11/24,trot,2,2,1,0.002702621743083,2850,C4,Vincennes
30/11/24_Vincennes_C4,30/11/24,trot,13,13,1,0.2538473606109619,2700,C4,Vincennes
01/12/24_Vincennes_C4,01/12/24,trot,13,13,1,0.2538473606109619,2850,C4,Vincennes
02/12/24_Vincennes_C1,02/12/24,trot,7,7,1,0.39540258049964905,2700,C1,Vincennes
03/12/24_Deauville_C1,03/12/24,galop,16,16,1,0.014432564377784729,1900,C1,Deauville
04/12/24_Vincennes_C1,04/12/24,trot,3,3,1,0.9563679099082947,2100,C1,Vincennes
05/12/24_Vincennes_C1,05/12/24,trot,3,3,1,0.9879536628723145,2100,C1,Vincennes
06/12/24_Vincennes_C4,06/12/24,trot,16,16,1,0.758026659488678,2100,C4,Vincennes
07/12/24_Vincennes_C4,07/12/24,trot,4,4,1,0.005962778348475695,2700,C4,Vincennes
08/12/24_Vincennes_C4,08/12/24,trot,5,5,1,0.3888787627220154,2850,C4,Vincennes
09/12/24_Cagnes_C3,09/12/24,galop,14,14,1,0.014869151636958122,4000,C3,Cagnes
10/12/24_Chantilly_C4,10/12/24,galop,9,9,1,0.1959182620048523,1600,C4,Chantilly
11/12/24_Vincennes_C1,11/12/24,trot,3,3,1,0.9652082920074463,2100,C1,Vincennes
12/12/24_Chantilly_C5,12/12/24,galop,4,4,1,0.9376508593559265,3200,C5,Chantilly
13/12/24_Vincennes_C8,13/12/24,trot,12,12,1,0.5081051588058472,2850,C8,Vincennes
14/12/24_Vincennes_C4,14/12/24,trot,9,9,1,0.00364573928527534,2700,C4,Vincennes
15/12/24_Vincennes_C4,15/12/24,trot,9,9,1,0.34821802377700806,2850,C4,Vincennes
16/12/24_Cagnes_C4,16/12/24,galop,14,14,1,0.006308548152446747,3500,C4,Cagnes
17/12/24_Pau_C4,17/12/24,galop,13,13,1,0.0030196227598935366,3500,C4,Pau
18/12/24_Vincennes_C1,18/12/24,trot,10,10,1,0.758026659488678,2850,C1,Vincennes
19/12/24_Chantilly_C1,19/12/24,galop,4,4,1,0.033212076872587204,1300,C1,Chantilly
20/12/24_Vincennes_C8,20/12/24,trot,11,11,1,0.44828757643699646,2700,C8,Vincennes
21/12/24_Vincennes_C4,21/12/24,trot,13,13,1,0.0019339434802532196,2700,C4,Vincennes
22/12/24_Vincennes_C4,22/12/24,trot,3,3,1,0.9652082920074463,2100,C4,Vincennes
23/12/24_Deauville_C1,23/12/24,galop,2,2,1,0.9555037021636963,2500,C1,Deauville
24/12/24_Vincennes_C6,24/12/24,trot,10,10,1,0.758026659488678,2700,C6,Vincennes
25/12/24_Vincennes_C4,25/12/24,trot,14,14,1,0.5882580280303955,2700,C4,Vincennes
26/12/24_Chantilly_C4,26/12/24,galop,8,8,1,0.9695852398872375,1900,C4,Chantilly
27/12/24_Vincennes_C8,27/12/24,trot,12,12,1,0.014695857651531696,2100,C8,Vincennes
28/12/24_Vincennes_C4,28/12/24,trot,9,9,1,0.0025601317174732685,2700,C4,Vincennes
29/12/24_Vincennes_C4,29/12/24,trot,6,6,1,0.9454215168952942,2100,C4,Vincennes
30/12/24_Cagnes_C3,30/12/24,galop,9,9,1,0.0012105850037187338,4000,C3,Cagnes
31/12/24_Vincennes_C6,31/12/24,trot,13,13,1,0.0029383376240730286,2700,C6,Vincennes
01/01/25_Vincennes_C5,01/01/25,trot,6,6,1,0.9589606523513794,2100,C5,Vincennes
02/01/25_Pau_C4,02/01/25,galop,13,13,1,0.0029383376240730286,3800,C4,Pau
03/01/25_Vincennes_C7,03/01/25,trot,1,1,1,0.9764012694358826,2100,C7,Vincennes
04/01/25_Vincennes_C4,04/01/25,trot,6,6,1,0.9589606523513794,2100,C4,Vincennes
05/01/25_Vincennes_C4,05/01/25,trot,7,7,1,0.8403013944625854,2100,C4,Vincennes
06/01/25_Vincennes_C1,06/01/25,trot,14,14,1,0.006867676042020321,2700,C1,Vincennes
07/01/25_Vincennes_C1,07/01/25,trot,8,8,1,0.14930006861686707,2850,C1,Vincennes
08/01/25_Pau_C2,08/01/25,galop,9,9,1,0.0022875452414155006,4000,C2,Pau
09/01/25_Cagnes_C1,09/01/25,trot,10,10,1,0.008147763088345528,2925,C1,Cagnes
10/01/25_Deauville_C8,10/01/25,galop,3,3,1,0.047682080417871475,1400,C8,Deauville
11/01/25_Vincennes_C4,11/01/25,trot,15,15,1,0.0029383376240730286,2850,C4,Vincennes
12/01/25_Cagnes_C4,12/01/25,galop,1,1,1,0.012479118071496487,2850,C4,Cagnes
13/01/25_Vincennes_C2,13/01/25,trot,1,1,1,0.9594379663467407,2000,C2,Vincennes
14/01/25_Vincennes_C1,14/01/25,trot,5,5,1,0.9091795682907104,2850,C1,Vincennes
15/01/25_Cagnes_C2,15/01/25,galop,10,10,1,0.5882580280303955,2000,C2,Cagnes
16/01/25_Vincennes_C1,16/01/25,trot,6,6,1,0.9589606523513794,2100,C1,Vincennes
17/01/25_Deauville_C8,17/01/25,galop,14,14,1,0.010476642288267612,2500,C8,Deauville
18/01/25_Vincennes_C4,18/01/25,trot,3,3,1,0.9764012694358826,2700,C4,Vincennes
19/01/25_Vincennes_C4,19/01/25,trot,8,8,1,0.750607967376709,2700,C4,Vincennes
20/01/25_Cagnes_C4,20/01/25,galop,2,2,1,0.9555037021636963,1500,C4,Cagnes
21/01/25_Pau_C2,21/01/25,galop,9,9,1,0.2538473606109619,3800,C2,Pau
22/01/25_Cagnes_C4,22/01/25,trot,13,13,1,0.469510555267334,2950,C4,Cagnes
23/01/25_Vincennes_C1,23/01/25,trot,7,7,1,0.0008098582038655877,2700,C1,Vincennes
24/01/25_Deauville_C8,24/01/25,galop,7,7,1,0.009216652251780033,1900,C8,Deauville
25/01/25_Vincennes_C4,25/01/25,trot,3,3,1,0.0009729545563459396,2700,C4,Vincennes
26/01/25_Vincennes_C6,26/01/25,trot,18,18,1,0.7733586430549622,2700,C6,Vincennes
27/01/25_Cagnes_C3,27/01/25,galop,6,6,1,0.8280501961708069,1500,C3,Cagnes
28/01/25_Vincennes_C1,28/01/25,trot,11,11,1,0.003547659609466791,2850,C1,Vincennes
29/01/25_Pau_C1,29/01/25,galop,10,10,1,0.004974802955985069,4700,C1,Pau
30/01/25_Vincennes_C1,30/01/25,trot,6,6,1,0.004111807327717543,2850,C1,Vincennes
31/01/25_Vincennes_C9,31/01/25,trot,9,9,1,0.37424948811531067,2850,C9,Vincennes
01/02/25_Deauville_C3,01/02/25,galop,3,3,1,0.0005100014386698604,1400,C3,Deauville
02/02/25_Vincennes_C4,02/02/25,trot,7,7,1,0.17187954485416412,2700,C4,Vincennes
03/02/25_Cagnes_C1,03/02/25,galop,6,6,1,0.7637816071510315,2150,C1,Cagnes
04/02/25_Vincennes_C1,04/02/25,trot,8,8,1,0.5047076344490051,2700,C1,Vincennes
05/02/25_Cagnes_C2,05/02/25,galop,1,1,1,0.9748967289924622,2150,C2,Cagnes
06/02/25_Vincennes_C1,06/02/25,trot,16,16,1,0.5081051588058472,2100,C1,Vincennes
07/02/25_Vincennes_C8,07/02/25,trot,4,4,1,0.003269412787631154,2700,C8,Vincennes
08/02/25_Vincennes_C4,08/02/25,trot,9,9,1,0.0053856149315834045,2850,C4,Vincennes
09/02/25_Vincennes_C4,09/02/25,trot,4,4,1,0.979400098323822,2100,C4,Vincennes
10/02/25_Cagnes_C3,10/02/25,galop,9,9,1,0.0016439572209492326,1500,C3,Cagnes
11/02/25_Vincennes_C1,11/02/25,trot,3,3,1,0.14967234432697296,2700,C1,Vincennes
12/02/25_Vincennes_C1,12/02/25,trot,12,12,1,0.7091233730316162,2700,C1,Vincennes
13/02/25_Cagnes_C4,13/02/25,trot,14,14,1,0.005834735929965973,2925,C4,Cagnes
14/02/25_Vincennes_C8,14/02/25,trot,7,7,1,0.1293090134859085,2700,C8,Vincennes
15/02/25_Auteuil_C4,15/02/25,galop,8,8,1,0.916224479675293,3600,C4,Auteuil
16/02/25_Vincennes_C4,16/02/25,trot,8,8,1,0.004783789161592722,2850,C4,Vincennes
17/02/25_Vincennes_C1,17/02/25,trot,3,3,1,0.00047187780728563666,2850,C1,Vincennes
18/02/25_Vincennes_C1,18/02/25,trot,8,8,1,0.012570423074066639,2100,C1,Vincennes
19/02/25_Cagnes_C4,19/02/25,galop,4,4,1,0.9490911960601807,2000,C4,Cagnes
20/02/25_Vincennes_C1,20/02/25,trot,9,9,1,0.0019339434802532196,2850,C1,Vincennes
21/02/25_Vincennes_C8,21/02/25,trot,5,5,1,0.001279710209928453,2100,C8,Vincennes
22/02/25_Cagnes_C4,22/02/25,galop,4,4,1,0.001973857870325446,1600,C4,Cagnes
23/02/25_Vincennes_C4,23/02/25,trot,10,10,1,0.004916245583444834,4150,C4,Vincennes
24/02/25_Auteuil_C1,24/02/25,galop,6,6,1,0.015864282846450806,3600,C1,Auteuil
25/02/25_Cagnes_C1,25/02/25,trot,5,5,1,0.9652082920074463,2400,C1,Cagnes
26/02/25_Vincennes_C1,26/02/25,trot,12,12,1,0.5081051588058472,2100,C1,Vincennes
27/02/25_Cagnes_C4,27/02/25,trot,2,2,1,0.001973857870325446,2950,C4,Cagnes
28/02/25_Vincennes_C8,28/02/25,trot,13,13,1,0.0024911845102906227,2700,C8,Vincennes
01/03/25_Vincennes_C4,01/03/25,trot,2,2,1,0.4721430540084839,2200,C4,Vincennes
02/03/25_Auteuil_C3,02/03/25,galop,6,6,1,0.001270454260520637,4400,C3,Auteuil
03/03/25_Caen_C1,03/03/25,trot,2,2,1,0.012570423074066639,2450,C1,Caen
04/03/25_Chantilly_C1,04/03/25,galop,7,7,1,0.047682080417871475,1900,C1,Chantilly
05/03/25_Amiens_C1,05/03/25,trot,6,6,1,0.012570423074066639,2900,C1,Amiens
06/03/25_SaintCloud_C1,06/03/25,galop,3,3,1,0.8522900938987732,2000,C1,SaintCloud
07/03/25_Enghien_C8,07/03/25,trot,7,7,1,0.03318452090024948,2150,C8,Enghien
08/03/25_Auteuil_C3,08/03/25,galop,10,10,1,0.01123429648578167,3900,C3,Auteuil
09/03/25_Cagnes_C4,09/03/25,trot,9,9,1,0.0018399942200630903,2925,C4,Cagnes
10/03/25_Caen_C1,10/03/25,trot,6,6,1,0.9371883273124695,2450,C1,Caen
11/03/25_SaintCloud_C1,11/03/25,galop,2,2,1,0.9371883273124695,1400,C1,SaintCloud
12/03/25_Laval_C1,12/03/25,trot,13,13,1,0.44828757643699646,2850,C1,Laval
13/03/25_Chantilly_C1,13/03/25,galop,9,9,1,0.34821802377700806,1400,C1,Chantilly
14/03/25_Enghien_C8,14/03/25,trot,7,7,1,0.9034186601638794,2150,C8,Enghien
15/03/25_Auteuil_C4,15/03/25,galop,1,1,1,0.8403013944625854,3600,C4,Auteuil
16/03/25_SaintCloud_C3,16/03/25,galop,15,15,1,0.0016439572209492326,2400,C3,SaintCloud
17/03/25_Chantilly_C1,17/03/25,galop,7,7,1,0.030217457562685013,1400,C1,Chantilly
18/03/25_Fontainebleau_C1,18/03/25,galop,8,8,1,0.0040368372574448586,1200,C1,Fontainebleau
19/03/25_Argentan_C1,19/03/25,trot,14,14,1,0.758026659488678,2875,C1,Argentan
20/03/25_SaintCloud_C1,20/03/25,galop,10,10,1,0.004974802955985069,2100,C1,SaintCloud
21/03/25_Vincennes_C8,21/03/25,trot,9,9,1,0.18280074000358582,2850,C8,Vincennes
22/03/25_Vincennes_C4,22/03/25,trot,13,13,1,0.34821802377700806,2850,C4,Vincennes
23/03/25_Auteuil_C4,23/03/25,galop,6,6,1,0.0018576087895780802,4400,C4,Auteuil
24/03/25_Chantilly_C1,24/03/25,galop,4,4,1,0.0029246911872178316,1900,C1,Chantilly
25/03/25_SaintCloud_C1,25/03/25,galop,8,8,1,0.009265250526368618,1600,C1,SaintCloud
26/03/25_Salon_de_Provence_C1,26/03/25,trot,3,3,1,0.8403013944625854,3000,C1,Salon_de_Provence
27/03/25_Chantilly_C1,27/03/25,galop,11,11,1,0.0038884675595909357,1600,C1,Chantilly
28/03/25_Vincennes_C8,28/03/25,trot,11,11,1,0.34821802377700806,2700,C8,Vincennes
29/03/25_SaintCloud_C3,29/03/25,galop,4,4,1,0.010531600564718246,2000,C3,SaintCloud
30/03/25_Auteuil_C3,30/03/25,galop,4,4,1,0.9721054434776306,3900,C3,Auteuil
31/03/25_Chantilly_C1,31/03/25,galop,1,1,1,0.0053774574771523476,1900,C1,Chantilly
01/04/25_Fontainebleau_C1,01/04/25,galop,13,13,1,0.00364573928527534,3000,C1,Fontainebleau
02/04/25_Angers_C1,02/04/25,trot,16,16,1,0.4837661683559418,3100,C1,Angers
03/04/25_Chantilly_C1,03/04/25,galop,13,13,1,0.0029383376240730286,1600,C1,Chantilly
04/04/25_Vincennes_C8,04/04/25,trot,2,2,1,0.01211864035576582,2700,C8,Vincennes
05/04/25_Vincennes_C5,05/04/25,trot,5,5,1,0.9536306262016296,2700,C5,Vincennes
06/04/25_Longchamp_C3,06/04/25,galop,10,10,1,0.638020932674408,1400,C3,Longchamp
07/04/25_Compiegne_C4,07/04/25,galop,6,6,1,0.00587191479280591,3800,C4,Compiegne
08/04/25_Deauville_C1,08/04/25,galop,16,16,1,0.006867676042020321,1900,C1,Deauville
09/04/25_Reims_C1,09/04/25,trot,11,11,1,0.18280074000358582,2550,C1,Reims
10/04/25_Reims_C2,10/04/25,trot,7,7,1,0.0015181821072474122,3900,C2,Reims
11/04/25_Auteuil_C1,11/04/25,galop,5,5,1,0.9458332061767578,2850,C1,Auteuil
12/04/25_Vincennes_C8,12/04/25,trot,3,3,1,0.17187954485416412,2700,C8,Vincennes
13/04/25_Vincennes_C3,13/04/25,trot,15,15,1,0.2538473606109619,2400,C3,Vincennes
14/04/25_Longchamp_C1,14/04/25,galop,12,12,1,0.008147763088345528,1200,C1,Longchamp
15/04/25_Chantilly_C1,15/04/25,galop,12,12,1,0.006308548152446747,3600,C1,Chantilly
16/04/25_Auteuil_C4,16/04/25,galop,6,6,1,0.013444999232888222,2800,C4,Auteuil
17/04/25_pontchateau_C1,17/04/25,trot,12,12,1,0.0045152697712183,2000,C1,pontchateau
18/04/25_Longchamp_C8,18/04/25,galop,14,14,1,0.004916245583444834,2700,C8,Longchamp
19/04/25_Vincennes_C4,19/04/25,trot,13,13,1,0.47633272409439087,2150,C4,Vincennes
20/04/25_Enghien_C3,20/04/25,trot,2,2,1,0.9695852398872375,4700,C3,Enghien
21/04/25_Auteuil_C3,21/04/25,galop,8,8,1,0.033212076872587204,1600,C3,Auteuil
22/04/25_Fontainebleau_C1,22/04/25,galop,12,12,1,0.008052162826061249,3800,C1,Fontainebleau
23/04/25_Compiegne_C1,23/04/25,galop,1,1,1,0.012096436694264412,2850,C1,Compiegne
24/04/25_MaureDeBretagne_C9,24/04/25,trot,4,4,1,0.002870553871616721,1300,C9,MaureDeBretagne
25/04/25_Longchamp_C8,25/04/25,galop,8,8,1,0.0020755997393280268,2850,C8,Longchamp
26/04/25_Vincennes_C3,26/04/25,trot,10,10,1,0.008052162826061249,4300,C3,Vincennes
27/04/25_Auteuil_C3,27/04/25,galop,16,16,1,0.007507486268877983,1400,C3,Auteuil
28/04/25_Chantilly_C1,28/04/25,galop,9,9,1,0.37424948811531067,1900,C1,Chantilly
29/04/25_Bordeaux_C1,29/04/25,galop,11,11,1,0.47633272409439087,1600,C1,Bordeaux
30/04/25_Longchamp_C1,30/04/25,galop,7,7,1,0.9458332061767578,2000,C1,Longchamp
01/05/25_SaintCloud_C3,01/05/25,galop,8,8,1,0.0069380858913064,3100,C3,SaintCloud
02/05/25_Vincennes_C4,02/05/25,trot,7,7,1,0.024644045159220695,2100,C4,Vincennes
03/05/25_Vincennes_C4,03/05/25,trot,13,13,1,0.27580931782722473,2850,C4,Vincennes
04/05/25_Longchamps_C4,04/05/25,galop,1,1,1,0.038981545716524124,1600,C4,Longchamps
05/05/25_Vichy_C4,05/05/25,trot,3,3,1,0.0758133977651596,2950,C4,Vichy
06/05/25_Chantilly_C1,06/05/25,galop,2,2,1,0.9589606523513794,1200,C1,Chantilly
07/05/25_Longchamp_C7,07/05/25,galop,16,16,1,0.5674086213111877,2400,C7,Longchamp
08/05/25_Lyon_C3,08/05/25,galop,14,14,1,0.008052162826061249,1600,C3,Lyon
09/05/25_Vincennes_C4,09/05/25,trot,2,2,1,0.1953277736902237,2850,C4,Vincennes
10/05/25_Caen_C4,10/05/25,trot,4,4,1,0.8280501961708069,2450,C4,Caen
11/05/25_Longchamp_C3,11/05/25,galop,9,9,1,0.001177939702756703,2000,C3,Longchamp
12/05/25_Vichy_C4,12/05/25,trot,9,9,1,0.0024911845102906227,2150,C4,Vichy
13/05/25_SaintCloud_C1,13/05/25,galop,9,9,1,0.0034749414771795273,1400,C1,SaintCloud
14/05/25_Vincennes_C1,14/05/25,trot,7,7,1,0.013269361108541489,2700,C1,Vincennes
15/05/25_Longchamp_C7,15/05/25,galop,7,7,1,0.2136131227016449,1400,C7,Longchamp
16/05/25_Vincennes_C4,16/05/25,trot,10,10,1,0.711571455001831,2700,C4,Vincennes
17/05/25_Auteuil_C5,17/05/25,galop,6,6,1,0.014257512986660004,3600,C5,Auteuil
18/05/25_Auteuil_C4,18/05/25,galop,12,12,1,0.010668548755347729,6000,C4,Auteuil
19/05/25_SaintCloud_C1,19/05/25,galop,6,6,1,0.8215461373329163,2100,C1,SaintCloud
20/05/25_Angers_C4,20/05/25,galop,11,11,1,0.0025601317174732685,2300,C4,Angers
21/05/25_CroiseLaroche_C1,21/05/25,trot,8,8,1,0.005120145156979561,2800,C1,CroiseLaroche
22/05/25_Longchamp_C7,22/05/25,galop,7,7,1,0.028281958773732185,1400,C7,Longchamp
23/05/25_Vincennes_C4,23/05/25,trot,16,16,1,0.711571455001831,2850,C4,Vincennes
24/05/25_Enghien_C5,24/05/25,trot,6,6,1,0.8870012760162354,2150,C5,Enghien
25/05/25_Longchamp_C4,25/05/25,galop,1,1,1,0.03318452090024948,2100,C4,Longchamp
26/05/25_Marseille_C4,26/05/25,galop,10,10,1,0.004916245583444834,2000,C4,Marseille
27/05/25_Auteuil_C1,27/05/25,galop,1,1,1,0.9652082920074463,3600,C1,Auteuil
28/05/25_strasbourg_C4,28/05/25,galop,10,10,1,0.01123429648578167,3000,C4,strasbourg
29/05/25_Longchamp_C6,29/05/25,galop,2,2,1,0.8016079664230347,1600,C6,Longchamp
30/05/25_Vincennes_C4,30/05/25,trot,12,12,1,0.0045152697712183,2850,C4,Vincennes
31/05/25_Auteuil_C8,31/05/25,galop,5,5,1,0.9458332061767578,3600,C8,Auteuil
01/06/25_Chantilly_C5,01/06/25,galop,15,15,1,0.47633272409439087,2100,C5,Chantilly
02/06/25_Vichy_C4,02/06/25,trot,12,12,1,0.711571455001831,2800,C4,Vichy
03/06/25_SaintCloud_C1,03/06/25,galop,6,6,1,0.9454215168952942,2400,C1,SaintCloud
04/06/25_Laval_C1,04/06/25,trot,6,6,1,0.979400098323822,2850,C1,Laval
05/06/25_Longchamps_C6,05/06/25,galop,7,7,1,0.012479118071496487,2000,C6,Longchamps
06/06/25_Vincennes_C4,06/06/25,trot,9,9,1,0.34821802377700806,2100,C4,Vincennes
07/06/25_Vincennes_C4,07/06/25,trot,11,11,1,0.2703762948513031,2175,C4,Vincennes
08/06/25_Longchamps_C4,08/06/25,galop,12,12,1,0.5081051588058472,1600,C4,Longchamps
09/06/25_Compiegne_C3,09/06/25,galop,5,5,1,0.02539139799773693,1800,C3,Compiegne
10/06/25_SaintCloud_C7,10/06/25,galop,8,8,1,0.0025886083021759987,1400,C7,SaintCloud
11/06/25_Caen_C4,11/06/25,trot,5,5,1,0.14967234432697296,2450,C4,Caen
12/06/25_Longchamps_C6,12/06/25,galop,7,7,1,0.0015964866615831852,1400,C6,Longchamps
14/06/25_Enghien_C4,14/06/25,trot,16,16,1,0.758026659488678,2150,C4,Enghien
15/06/25_Chantilly_C4,15/06/25,galop,3,3,1,0.006373078096657991,1800,C4,Chantilly
16/06/25_Compiegne_C4,16/06/25,galop,8,8,1,0.021472569555044174,1800,C4,Compiegne
17/06/25_Nantes_C1,17/06/25,galop,7,7,1,0.012479118071496487,1600,C1,Nantes
18/06/25_Toulouse_C3,18/06/25,trot,10,10,1,0.1738828867673874,2950,C3,Toulouse
